2000,2001,2002,2003,2004,2005,2006,2007,2008,2009,2010,2011,2012,2013,2014,2015,2016,2017,2018,2019
,,,,,0.36,0.37225,0.43,0.52925,0.29675,0.39525,0.64175,0.8137500000000001,0.7585,0.815,0.5195,0.477,0.5389999999999999,0.65025,0.7597499999999999
,,,,,,0.6286666666666666,0.92,-0.40325,0.18674999999999997,-0.13524999999999998,-0.30800000000000005,-0.25749999999999995,0.45999999999999996,0.9857499999999999,2.1985,1.5747499999999999,1.205,1.3650000000000002,1.49575
,,0.19800000000000004,0.2925,0.42525,0.4855000000000001,0.6214999999999999,0.62325,0.6515,0.70425,0.8372499999999999,1.16675,1.4165,1.46,1.7632500000000002,2.15025,2.232,2.00175,1.623,2.04675
0.029249999999999998,0.018,0.010000000000000002,0.0042499999999999994,0.008,0.030500000000000003,0.0675,0.10325,0.17225000000000001,0.1995,0.36025,0.74675,1.31125,1.6182499999999997,1.5215,1.96425,2.2385,2.20825,2.897,3.1637500000000003
,,,,,,,,,,,,,0.8130000000000001,0.78,1.0445,1.21475,1.3682499999999997,1.73575,2.1745
,,,,,0.24,0.2495,0.30725,0.36875,0.40099999999999997,0.4725,0.59725,0.704,0.77125,0.91375,1.119,1.41375,1.43675,1.573,1.71025
-0.18,-0.12874999999999998,-0.292,-0.315,-0.24,-0.013333333333333334,-0.158,-0.21175,-0.20224999999999999,-0.192,-0.17,-0.09625,-0.02475,0.08474999999999999,0.08850000000000001,0.058,0.15175,0.28125,0.49924999999999997,0.9149999999999999
0.4485,0.48075,0.55,0.5747500000000001,0.6027499999999999,0.63625,0.649,0.717,0.8047499999999999,0.9352499999999999,1.05025,1.1669999999999998,1.2662499999999999,0.85975,0.58,0.56125,0.58425,0.6200000000000001,0.7092499999999999,0.815
,,0.21150000000000002,0.25875,0.2825,0.35,0.39575,0.46425000000000005,0.6167499999999999,0.6505,0.65875,0.8109999999999999,0.9179999999999999,1.038,1.112,1.1582499999999998,1.3014999999999999,1.43725,1.60975,1.75725
0.12125,0.1545,0.1315,0.12525,0.15775,0.24974999999999997,0.3015,0.36650000000000005,0.45175,0.42125,0.446,0.55375,0.61975,0.42925,0.28900000000000003,0.51325,0.7065,0.95525,1.4962500000000003,2.01825
,,,,,0.33299999999999996,0.39525,0.41075,0.4335,0.2525,0.4605,0.6837500000000001,0.5865,0.5592499999999999,0.596,0.72225,0.773,0.94375,1.3322500000000002,1.3435
0.13274999999999998,0.17275000000000001,0.1865,0.167,0.2435,0.31899999999999995,0.4285,0.5845,0.6669999999999999,0.5735,0.6255000000000001,0.8135,0.7982499999999999,0.7014999999999999,0.83225,0.8995000000000001,0.78,0.73325,0.746,0.9675
0.3275,0.37925,0.43725,0.4195,0.37625000000000003,0.43900000000000006,0.47774999999999995,0.50275,0.53225,0.58225,0.5710000000000001,0.618,0.68175,0.7230000000000001,0.78425,0.7472500000000001,0.803,0.8672500000000001,1.0245,1.27725
,,0.15525000000000003,0.181,0.282,0.4525,0.58,0.88275,1.085,1.3042500000000001,1.5232500000000002,1.6680000000000001,2.1109999999999998,2.4595,3.1717500000000003,3.7452500000000004,4.372,4.84675,5.752750000000001,5.859249999999999
0.04425,0.10750000000000001,0.11425,0.044750000000000005,0.07375000000000001,0.18825000000000003,0.28925,0.37125,0.4635,0.43450000000000005,0.18125,0.28874999999999995,0.40775,0.47224999999999995,0.39849999999999997,0.2415,0.16199999999999998,-0.2125,-0.157,0.21975
1.27,1.075,0.8417499999999999,0.7425,0.7474999999999999,0.7472499999999999,0.7649999999999999,1.0883333333333332,0.8966666666666668,0.7000000000000001,0.59675,0.6262500000000001,0.56125,0.47574999999999995,0.5670000000000001,0.595,0.637,0.6507499999999999,0.7395,0.81825
0.6566666666666666,0.8962500000000001,0.9917499999999999,0.63075,0.56175,0.5655000000000001,0.6333333333333333,0.6984999999999999,0.765,0.7525,0.7995,0.77925,0.775,0.8065,0.813,0.83475,0.9345000000000001,0.9095,0.9802500000000001,1.00225
0.35875,0.49033333333333334,0.365,0.125,0.18,0.253,0.255,0.2995,0.2925,0.28625,0.28,0.32,0.3276666666666667,0.31825000000000003,0.33899999999999997,0.32999999999999996,0.289,0.2775,0.31225,0.353
0.14675000000000002,0.17125,0.19075,0.22449999999999998,0.27975,0.32299999999999995,0.36500000000000005,0.41075,0.4865,0.56975,0.66525,0.7635,0.81975,0.8175000000000001,0.78575,0.7757499999999999,0.80125,0.8287500000000001,0.917,1.0505
,,,,,0.365,0.371,0.341,0.4715,0.55625,0.7817500000000001,1.05025,1.4194999999999998,1.979,3.13375,4.27425,3.8767499999999995,4.13,4.0185,4.14725
,,,,,26.28,27.8685,31.557499999999997,30.677,4.6595,1.2645,0.8705,0.6877500000000001,0.846,1.0725,1.24875,1.257,1.2965,1.31425,1.1825
,,,,,,-0.14125,0.15000000000000002,-0.24799999999999997,-0.4545,-0.50925,-0.372,-0.22799999999999998,-0.027,0.07825,0.09875,0.126,0.099,0.106,0.11333333333333333
,,,,0.6525,0.7325,0.9553333333333333,1.1709999999999998,1.5165000000000002,1.49275,1.09475,1.2607499999999998,1.3907500000000002,1.39775,1.5414999999999999,1.5590000000000002,1.62475,1.6110000000000002,1.86675,2.0997500000000002
0.23750000000000002,0.33125000000000004,0.40825,0.47425000000000006,0.51025,0.53925,0.476,0.43050000000000005,0.41375,0.33175,0.38325,0.38725,0.46699999999999997,0.5645,0.62975,0.7195,0.72,0.7557499999999999,0.7825000000000001,0.96975
,,,,,,0.175,0.304,0.41475,0.4285,0.3625,0.408,0.41150000000000003,0.47975,0.5462500000000001,0.659,0.67875,0.67225,0.728,0.991
0.21950000000000003,0.278,0.202,0.23299999999999998,0.212,0.25999999999999995,0.331,0.55425,0.6920000000000001,0.6325,0.64,0.9975,1.22025,1.3725,1.16775,1.04,0.972,1.04,1.2819999999999998,1.6284999999999998
,-0.42000000000000004,-0.23925,-0.06625,0.08,0.053250000000000006,-0.053750000000000006,0.0325,0.163,0.06375,0.11775,0.2045,0.262,0.32175,0.43325,0.48650000000000004,0.53975,0.76125,1.101,1.4492500000000001
,,,,,,0.3555,0.2765,0.11075000000000002,0.1825,0.29175,0.43525,0.59475,0.6982499999999999,0.8174999999999999,1.35925,1.801,1.94275,1.6342499999999998,1.6397499999999998
0.6962499999999999,0.755,0.68675,0.7745,1.1813333333333333,1.4252500000000001,1.4934999999999998,1.7339999999999998,1.61475,1.181,1.0305,0.9275000000000001,0.91675,1.1645,1.317,1.4297499999999999,1.3780000000000001,1.5484999999999998,1.97825,2.26675
,,,,,,,,,,,,,,0.6216666666666667,0.73025,0.85075,0.931,1.09875,1.2337500000000001
,,,,,,-0.224,-0.246,-0.042666666666666665,0.12225000000000001,0.19849999999999998,0.28675,0.43025,0.7155,0.9547500000000001,1.34525,1.3245,1.36175,1.7865,2.2775
0.25975,0.23725000000000002,0.04475,0.052,0.17275000000000001,0.19124999999999998,0.23075,0.292,0.2365,0.026750000000000003,0.16025,0.34075,0.20625,0.1645,0.262,0.3255,0.34675,0.65425,1.0645,0.8049999999999999
,,,,,,,,,,,,,,,,,,,
,,,,,0.136,0.26749999999999996,0.021000000000000005,-0.23575000000000004,-0.388,-0.06924999999999999,0.12475,0.17075,-0.0165,0.03525,0.036,-0.07775,0.0125,0.07675,0.19074999999999998
0.0785,0.08650000000000001,0.089,0.10275000000000001,0.11175,0.14100000000000001,0.17075,0.219,0.2715,0.29325,0.25475000000000003,0.34625,0.4475,0.5285000000000001,0.5882499999999999,0.6627500000000001,0.68225,0.61325,0.7429999999999999,0.9580000000000001
0.39025,0.63425,0.73175,0.78075,0.95825,1.155,1.4185,1.5585,1.8745000000000003,1.1680000000000001,1.4185,1.85125,1.85175,2.2815,2.9355,3.4627499999999998,3.4004999999999996,3.774,4.1259999999999994,3.758
0.274,0.30524999999999997,0.347,0.43575,0.589,0.7,0.8914999999999998,1.0545,1.0644999999999998,1.152,1.2434999999999998,1.29,1.4512500000000002,1.7454999999999998,2.02025,2.26625,2.70025,3.0192499999999995,3.26925,3.5295
,,,,,,0.778,0.9285000000000001,1.0950000000000002,0.79925,0.8822500000000001,1.3587500000000001,1.49675,1.6465,1.98775,2.40125,2.527,2.6477500000000003,3.40775,4.01325
,,,,,,,,,,,,0.38025,0.5345,0.54925,0.611,0.575,0.69675,0.84775,0.8724999999999999
,,,,,,0.23033333333333336,0.269,0.501,0.5505,0.872,1.04725,0.79,0.90575,1.0547499999999999,1.058,2.4617500000000003,3.48225,4.54475,8.884
,,,,,,,,,,,,,,0.149,0.40950000000000003,0.6625,0.9032500000000001,1.60325,2.22225
0.058249999999999996,0.07100000000000001,0.08533333333333333,0.08775000000000001,0.10675,0.14400000000000002,0.19324999999999998,0.2415,0.36524999999999996,0.448,0.477,0.57225,0.712,0.77675,0.8335,0.8954999999999999,0.9212500000000001,0.946,1.15875,1.5295
,,0.4746666666666666,0.60425,0.7682499999999999,0.97525,1.17325,1.39425,1.532,1.40725,1.4952500000000002,1.6205,1.91025,1.89975,2.25425,2.355,2.681,2.80025,3.4585,4.8385
0.59025,0.583,0.6475,0.478,0.53575,0.49350000000000005,0.606,0.6825,0.76925,0.8414999999999999,0.83125,0.8532500000000001,0.9610000000000001,1.1965000000000001,1.3345,1.537,1.65075,1.62175,1.7632500000000002,2.3045
0.10933333333333334,0.07966666666666666,0.05266666666666667,0.09625,0.0985,0.079,0.10466666666666667,0.1275,0.132,0.11524999999999999,0.1315,0.15675,0.19,0.21575,0.28850000000000003,0.35575,0.44400000000000006,0.519,0.63325,0.71625
0.27425,0.671,0.419,0.607,0.76625,1.40625,2.182,2.00825,2.68975,1.8592499999999998,2.4370000000000003,2.82575,3.11375,2.3205,1.8015,0.42874999999999996,-0.15,0.31875,0.28175,0.33275
0.5585,0.63775,0.593,0.6194999999999999,0.64175,0.76925,0.8625,0.98525,1.23575,1.1360000000000001,1.22925,1.4085,1.5117500000000001,1.44,1.4995,1.6185,1.8550000000000002,1.7057499999999999,1.7882500000000001,2.091
0.05425,0.085,0.06475,0.07050000000000001,0.09425,0.13325,0.1695,0.218,0.27675,0.24999999999999997,0.27825,0.37725,0.41400000000000003,0.4845,0.53575,0.625,0.6625,0.736,0.85575,0.9844999999999999
,,,,,,,,,,,,0.9076666666666666,1.0924999999999998,1.24825,1.4285,1.552,1.6655,1.44075,1.44125
0.77475,0.8775000000000001,1.005,1.088,1.1370000000000002,1.18725,0.9566666666666667,0.71,1.1662499999999998,0.65875,0.4355,0.565,0.4475,0.37499999999999994,0.60125,0.45825,0.4395,0.46825,0.5505,0.6025
,,,,,,,,,,,,,,,,,0.27566666666666667,0.35725000000000007,0.42225
0.4175,0.47075000000000006,0.47250000000000003,0.40499999999999997,0.329,0.39575,0.45975,0.45575000000000004,0.5302500000000001,0.534,0.52875,0.597,0.6365,0.66625,0.6775,0.7076666666666668,0.8347500000000001,0.869,0.93625,1.0795000000000001
,,,,,0.26,0.0435,0.07175000000000001,0.17099999999999999,0.18125000000000002,0.20025,0.195,0.26475,0.21075,0.34675,0.32275,0.39475,0.54175,0.6920000000000001,0.63775
,,,,,,0.6586666666666666,0.605,0.6245,0.532,0.36,0.46975,0.6849999999999999,0.82,0.615,0.98325,1.25075,1.2217500000000001,1.1495,1.19025
,,,,,,,,,,0.35849999999999993,0.62525,0.679,0.7010000000000001,0.9087500000000001,1.91925,2.59625,3.622,4.683750000000001,5.4245
0.7192500000000001,0.74275,0.676,0.78125,0.73675,0.80275,0.9553333333333334,1.098,1.059,0.616,0.6335,0.82175,0.57075,0.6566666666666666,0.78025,0.8530000000000001,0.9683333333333333,1.11575,1.494,1.68175
,,,,,,,,0.253,0.325,0.359,0.42374999999999996,0.48375,0.5645,0.6125,0.64325,0.7125,0.7467499999999999,0.8267500000000001,0.8865
0.5082500000000001,0.5780000000000001,0.5015,0.56275,0.65675,0.7709999999999999,0.7875,0.84975,0.8927499999999999,0.3970000000000001,0.60875,0.9209999999999999,1.0554999999999999,1.1885,1.3467500000000001,1.41175,1.28125,1.41825,1.68275,2.019
,,,,,,2.00975,2.141,2.46575,2.8425000000000002,3.4785000000000004,4.57675,5.771,6.945500000000001,7.880749999999999,8.9335,10.187750000000001,11.251249999999999,12.273,14.77825
0.60825,0.9015000000000001,0.7614999999999998,0.547,0.46025,0.635,0.856,1.20325,1.47525,1.40875,1.0895000000000001,1.14,1.1934999999999998,1.4625,1.8777500000000003,2.1870000000000003,2.27725,2.4139999999999997,3.25575,4.814
0.665,0.6419999999999999,0.68425,0.7735,0.8925000000000001,1.0139999999999998,1.025,1.2312500000000002,1.04375,0.353,0.195,0.31675,0.22949999999999998,0.24525000000000002,0.33375,0.362,0.38,0.42325,0.5842499999999999,0.72075
0.39849999999999997,0.4415,0.5062500000000001,0.5605,0.50175,0.475,0.5215000000000001,0.6164999999999999,0.787,0.9464999999999999,1.047,1.0715,1.1595,1.20275,1.29275,0.91975,0.382,0.51725,0.68625,0.83175
0.55175,0.60925,0.6844999999999999,0.7304999999999999,0.729,0.77825,0.81075,0.85225,0.80625,0.48225,0.38349999999999995,0.42200000000000004,0.6122500000000001,0.7375,0.7597500000000001,0.75,0.7560000000000001,0.7789999999999999,0.9375,1.071
0.17575,0.195,0.28325,0.28900000000000003,0.39675,0.4765,0.5485,0.67675,0.74925,0.64775,0.7475,0.84625,0.87975,0.64375,0.373,0.52725,0.595,0.72825,0.96275,1.2502499999999999
0.40125000000000005,0.43274999999999997,0.44275000000000003,0.5255000000000001,0.5952500000000001,0.6880000000000001,0.78725,0.92275,1.077,1.2165000000000001,1.25,1.3675,1.4979999999999998,1.4212500000000001,1.56775,1.7822500000000001,2.13025,2.3322499999999997,2.72325,3.114
0.17974999999999997,0.18475000000000003,0.157,0.156,0.22775,0.2975,0.391,0.534,0.62025,0.36024999999999996,0.49250000000000005,0.663,0.735,0.8254999999999999,0.9275,0.9352499999999999,0.7385,0.6705000000000001,0.7484999999999999,0.68575
0.08425,0.09075000000000001,0.074,0.09875,0.11299999999999999,0.12775,0.13725,0.16325,0.1875,0.195,0.18,0.22225,0.24625000000000002,0.25625,0.29550000000000004,0.3275,0.33975,0.34975000000000006,0.34199999999999997,0.41550000000000004
0.08299999999999999,0.10900000000000001,0.22,0.27325,0.35124999999999995,0.4035000000000001,0.5053333333333333,0.6623333333333333,0.8162499999999999,0.98475,1.14175,1.4257499999999999,1.5695000000000001,1.9247500000000002,2.82225,4.192749999999999,4.5225,5.265000000000001,6.02125,7.13775
0.50175,0.57575,0.5852499999999999,0.498,0.5065,0.54975,0.5723333333333332,0.60575,0.7352500000000001,0.6769999999999999,0.5874999999999999,0.621,0.5765,0.57775,0.60825,0.657,0.7719999999999999,0.86725,1.00275,1.07775
,,,,,0.27,0.43,0.6280000000000001,1.26325,1.5797500000000002,2.64325,4.651,7.75375,9.54925,12.879499999999998,14.930250000000001,17.315,19.262249999999998,21.88525,26.022750000000002
,,,,,,,,,,,,,,,,,,0.255,0.3025
0.31666666666666665,0.39275,0.49899999999999994,0.587,0.70575,0.8687499999999999,1.3099999999999998,1.8057500000000002,2.33575,1.8389999999999997,2.56625,3.03325,3.2837499999999995,3.84875,4.506,5.120499999999999,5.06775,5.440250000000001,6.689500000000001,6.960000000000001
0.0555,0.06225,0.07525,0.11324999999999999,0.165,0.17550000000000002,0.1935,0.20800000000000002,0.24475000000000002,0.2555,0.2785,0.3415,0.40075,0.42400000000000004,0.4525,0.49425,0.48075,0.5514999999999999,0.59325,0.6915
0.5802499999999999,0.635,0.5522499999999999,0.40449999999999997,0.38925,0.34775,0.31375,0.32225000000000004,0.4255,0.48875,0.5427500000000001,0.549,0.48874999999999996,0.46399999999999997,0.45725,0.42224999999999996,0.577,0.711,0.7925,1.05525
,,,,,1.09,,0.72,0.3145,0.34925,0.364,0.355,0.36,0.4355,0.5,0.61825,0.644,0.77275,0.90475,1.14125
,,,,,0.68,0.7859999999999999,0.9410000000000001,1.01975,0.8420000000000001,0.865,1.14275,1.27475,1.4235,1.6150000000000002,1.8385,1.9352500000000001,2.003,2.16075,2.6295
,,,,,0.495,0.4105,0.1665,0.1505,0.156,0.12275,0.09525,0.12,0.10800000000000001,0.15525,0.225,0.265,0.31325000000000003,0.34375,0.39525
0.18174999999999997,0.154,0.14225,0.19824999999999998,0.20975000000000002,0.2796666666666667,0.2936666666666667,0.29474999999999996,0.36525,0.191,0.21099999999999997,0.49224999999999997,0.67475,0.6905000000000001,0.81475,0.9045,0.8377500000000001,0.8707499999999999,1.07025,1.14775
,,,,,,0.5599999999999999,0.7530000000000001,0.6657500000000001,0.51625,0.36374999999999996,0.38075,0.36724999999999997,0.39,0.45375,0.49874999999999997,0.5505,0.59075,0.675,0.74
5.96575,7.5592500000000005,8.161,8.18075,9.64425,10.6205,10.47275,11.3405,8.277249999999999,0.32325000000000004,0.20825,1.0465,1.05925,1.1655,1.28,1.3487500000000001,1.36225,1.31875,1.55425,1.904
0.40975,0.319,0.337,0.39125,0.42025,0.3295,0.31949999999999995,0.305,0.3685,0.34675,0.41150000000000003,0.448,0.42825,0.5145,0.523,0.51725,0.5217499999999999,0.43725,0.48124999999999996,0.48775
0.42125,0.51825,0.6535000000000001,0.7945,0.8945,0.79225,0.7975000000000001,0.831,0.93725,0.8407499999999999,0.488,0.6054999999999999,0.7707499999999999,0.8424999999999999,0.8755000000000001,1.0505,1.2075,1.28875,1.1502499999999998,1.1385
0.38825000000000004,0.3925,0.39925,0.29325,0.5677500000000001,0.9385,1.25925,1.454,1.5025,0.9249999999999999,0.7024999999999999,1.4427500000000002,2.361,2.177,1.53875,1.36575,0.9505,0.82575,2.18975,3.0995
,,,,,0.4665,1.57425,1.7235,1.881,1.9457499999999999,1.9015,1.86375,1.89175,1.9577499999999999,2.1425,2.33775,2.45825,2.5795,2.659,2.8362500000000006
,,,,,,,,,,0.38,0.3645,0.42175,0.47025000000000006,0.5622500000000001,0.6067499999999999,0.65025,0.74075,1.0335,1.1997499999999999
,,,,,0.16775,0.28500000000000003,0.46925,0.5255,0.20299999999999999,0.14075,0.27325,0.3115,0.36625,0.42800000000000005,0.47575,0.5780000000000001,0.60175,0.73875,0.882
,,,,,,0.44699999999999995,0.45324999999999993,0.5015000000000001,0.2975,0.23375,0.36524999999999996,0.5935,0.7440000000000001,0.8845000000000001,0.956,1.0059999999999998,1.09325,1.2965,1.4957500000000001
,,,,,-0.102,-0.06974999999999999,-0.08175,-0.066,-0.0285,0.04825,0.10899999999999999,0.19425,0.18325000000000002,0.25475,0.32725,0.31275,0.307,0.3025,0.41775
0.47,0.42675,0.392,0.466,0.49600000000000005,0.68175,0.7602500000000001,0.7435,0.8135,0.52275,0.5625,0.7000000000000001,0.5295,0.5157499999999999,0.43325,0.6244999999999999,0.821,0.9185,1.056,1.124
0.10300000000000001,0.20600000000000002,0.27025,0.1815,0.19375,0.18925,0.26566666666666666,0.30275,0.40399999999999997,-0.0625,0.031000000000000003,0.08299999999999999,0.15925000000000003,0.2235,0.2565,0.26075,0.2955,0.34275,0.37775,0.485
,,,,,,,,,,,,,,0.53075,0.67,0.83825,0.9475,1.1332499999999999,1.40075
,,,,,0.29000000000000004,0.63125,0.738,0.9095,0.6167499999999999,0.666,0.98525,1.2285000000000001,1.184,1.2695,1.3907499999999997,1.6345,1.84375,2.05625,2.7432499999999997
,,,,,,0.06633333333333333,0.1305,0.192,0.268,0.33375,0.42000000000000004,0.5824999999999999,0.7062499999999999,0.89375,1.1800000000000002,1.4375,1.7845,2.13725,2.6375
0.01075,0.025750000000000002,0.04025,0.052250000000000005,0.05125,0.0655,0.09000000000000001,0.10675,0.1345,0.15775000000000003,0.17925000000000002,0.2235,0.2835,0.35175,0.419,0.52025,0.5954999999999999,0.63675,0.6625000000000001,0.679
,,,,,,0.076,0.07225,0.47150000000000003,0.592,0.33399999999999996,0.6307499999999999,1.14975,1.26275,0.92675,1.089,0.8725,0.06925,0.16,0.54575
,,,,,,,,,,,,,,,0.418,0.46125000000000005,0.56275,0.78025,0.9560000000000001
0.048499999999999995,0.05366666666666667,0.06225,0.07225000000000001,0.08900000000000001,0.10849999999999999,0.132,0.15175,0.17500000000000002,0.20775,0.243,0.27749999999999997,0.30824999999999997,0.35200000000000004,0.399,0.4155,0.44275,0.486,0.5485,0.615
0.09966666666666668,0.12833333333333333,0.139,0.16100000000000003,0.18774999999999997,0.23175,0.33475,0.43525,0.5307499999999999,0.54575,0.57925,0.6785,0.74725,0.7729999999999999,0.7322500000000001,0.84,0.9397500000000001,0.925,1.0185,1.23625
,,,,,,,,,,0.42,0.25133333333333335,-0.11675,0.008250000000000035,0.426,0.475,0.04425000000000001,1.3762500000000002,1.20575,1.7675
,,,,,0.54,0.67025,0.8585,1.0845,1.033,1.0295,1.1680000000000001,1.415,1.5725000000000002,1.8122500000000001,2.118,2.3555,2.3485,2.96325,4.423
0.381,0.38925,0.39225000000000004,0.4630000000000001,0.597,0.7365000000000002,0.7436666666666666,0.724,0.71725,0.53575,0.4125,0.3745,0.372,0.48774999999999996,0.6925,0.6869999999999999,0.75225,0.7945,0.79675,0.8547500000000001
0.20800000000000002,0.23850000000000002,0.27275,0.30425,0.33299999999999996,0.3255,0.36424999999999996,0.41500000000000004,0.478,0.536,0.6087499999999999,0.6395,0.68525,0.72075,0.7645,0.76275,0.7242500000000001,0.74525,0.7847500000000001,0.7415
0.43050000000000005,0.3955,0.43525,0.5235000000000001,0.6184999999999999,0.6685,0.72875,0.7702499999999999,0.7845,0.8924999999999998,1.0162499999999999,1.0285,0.98075,1.0365,1.08775,1.096,1.14975,1.357,1.38475,1.5410000000000001
1.142,1.24375,1.2422499999999999,1.12,0.9722500000000001,1.1205,1.2205,1.24375,0.9777500000000001,0.15375,-0.02375000000000002,0.45200000000000007,0.5874999999999999,0.6715,0.744,0.773,0.75925,0.99675,1.5225,2.008
,,,,,0.078,0.06725,0.096,0.11475,0.12825,0.15175,0.19225,0.23775000000000002,0.29025,0.35974999999999996,0.411,0.45075,0.47250000000000003,0.58975,0.71225
,,,0.1695,0.21625,0.377,0.574,0.7187500000000001,0.93775,0.79525,0.763,0.84025,0.9135000000000001,0.82725,0.8909999999999999,0.9595,1.0675,1.2102499999999998,1.48225,1.77075
,,,,,,0.193,0.39375000000000004,0.6677499999999998,0.64725,1.0942500000000002,1.70125,2.185,2.68825,3.2765,4.36025,3.5090000000000003,2.1135,2.237,3.0902499999999997
0.355,0.164,0.11674999999999999,0.1265,0.181,0.52875,0.74425,0.646,1.12575,0.7405,0.6515,1.81,2.53825,2.35225,2.3472500000000003,2.61175,2.13125,2.09775,3.08275,3.7889999999999997
,,,,,,0.2925,0.21750000000000003,0.2975,0.32,0.3375,0.33925,0.402,0.41424999999999995,0.43200000000000005,0.46175,0.54825,0.5825,0.5747499999999999,0.6355000000000001
,,0.038000000000000006,0.053,0.061,0.08625000000000001,0.1225,0.09375,0.1095,0.12375,0.123,0.1285,0.16799999999999998,0.1755,0.241,0.32075,0.51025,0.5865,0.73525,1.0354999999999999
,,,,,0.2175,0.2555,0.27125,0.31725000000000003,0.31425,0.33449999999999996,0.28974999999999995,0.29574999999999996,0.30900000000000005,0.29000000000000004,0.26775,0.27949999999999997,0.31925,0.369,0.42074999999999996
0.555,0.725,0.881,1.1047500000000001,1.3005,1.6680000000000001,1.8352499999999998,1.9775,1.52175,0.3177499999999999,0.44925,1.25725,1.51025,1.674,1.7297500000000001,1.9042500000000002,1.9322500000000002,2.0285,2.333,2.7809999999999997
0.01625,0.04466666666666667,0.015,0.033,0.04475,0.07100000000000001,0.128,0.11975000000000001,0.147,0.119,0.07500000000000001,0.05025,0.11275,0.16575,0.31225,0.1815,0.0037500000000000033,0.13274999999999998,0.26949999999999996,0.4285
,,,,,0.97,0.876,0.68725,0.6194999999999999,0.5495,0.6412499999999999,0.9259999999999999,1.2389999999999999,1.52025,1.715,1.95425,2.06675,2.36475,2.84875,3.01125
0.46475,0.7969999999999999,0.606,0.5529999999999999,0.69825,1.24625,2.28425,2.2809999999999997,2.8425000000000002,1.678,1.5717500000000002,1.7920000000000003,2.02075,1.40375,1.5720000000000003,0.7837500000000002,-0.15125,0.15950000000000003,0.5992500000000001,1.02575
0.33625,0.33925000000000005,0.36675,0.40375,0.43,0.5115000000000001,0.5815,0.63925,0.7444999999999999,0.66325,0.72225,0.8235000000000001,0.9570000000000001,1.1179999999999999,1.20625,1.268,1.36525,1.4625000000000001,1.6675,1.916
,,,,,,,,,,,,,-0.01,0.18825,0.20074999999999998,0.20525,0.22649999999999998,0.14150000000000001,0.147
0.41800000000000004,0.39699999999999996,0.30600000000000005,0.3575,0.383,0.41174999999999995,0.4325000000000001,0.45625,0.52825,0.5277499999999999,0.5922499999999999,0.62075,0.58075,0.62125,0.6697500000000001,0.574,0.65325,0.7515000000000001,0.66525,0.5922499999999999
,,,,,,,,,,,,0.131,0.3495,0.6785,0.98625,1.01875,0.9882500000000001,0.8345,1.06075
0.02266666666666667,0.02875,0.0385,0.0385,0.045000000000000005,0.0615,0.0765,0.08800000000000001,0.108,0.11399999999999999,0.11199999999999999,0.13799999999999998,0.17,0.20450000000000002,0.2015,0.20900000000000002,0.24425000000000002,0.3085,0.40800000000000003,0.5435
,,,,,0.003,0.009500000000000001,0.012,0.026,0.044,0.0625,0.07175000000000001,0.07950000000000002,0.0905,0.0805,0.12025000000000001,0.17275000000000001,0.22775,0.319,0.495
0.1295,0.12175,0.06899999999999999,0.138,0.17525000000000002,0.22275,0.25375000000000003,0.3185,0.37325,0.3045,0.36324999999999996,0.37324999999999997,0.437,0.48624999999999996,0.49224999999999997,0.5325,0.5635,0.5842499999999999,0.6325000000000001,0.757
0.10833333333333334,0.096,0.107,0.1095,0.10175000000000001,0.115,0.16,0.2165,0.27349999999999997,0.2965,0.2745,0.41400000000000003,0.469,0.463,0.4907500000000001,0.5325,0.49424999999999997,0.5195000000000001,0.73325,1.0535
0.28550000000000003,0.32575,0.33799999999999997,0.36124999999999996,0.3915,0.437,0.49025,0.526,0.5429999999999999,0.47700000000000004,0.36075,0.38899999999999996,0.51775,0.632,0.69,0.7875000000000001,0.9670000000000001,1.10525,1.3802499999999998,1.786
0.4485,0.44349999999999995,0.48275,0.5523333333333333,0.5922499999999999,0.5862499999999999,0.5920000000000001,0.6637500000000001,0.7595,0.80875,0.816,0.7582500000000001,0.56925,0.6525000000000001,0.661,0.6367499999999999,0.6044999999999999,0.5647499999999999,0.3385,0.3055
0.00775,0.01225,0.013750000000000002,0.02225,0.036750000000000005,0.06025,0.0895,0.1355,0.195,0.2065,0.261,0.3545,0.4545,0.5375000000000001,0.63325,0.72525,0.8585,0.9292499999999999,1.10775,1.13825
,,,,,,,,,,,,,,,,,,,-0.01
0.1995,0.184,0.20025,0.139,0.20325000000000001,0.24824999999999997,0.30474999999999997,0.3805,0.41825,0.4435,0.47625000000000006,0.5982500000000001,0.7045,0.8105,0.8207500000000001,0.93875,1.1444999999999999,1.28925,1.23525,1.5545
0.2245,0.2555,0.22774999999999998,0.242,0.2705,0.33525,0.35650000000000004,0.4675,0.60425,0.68125,0.71675,0.7264999999999999,0.823,0.97325,1.0915,1.3042500000000001,1.50375,1.53625,1.5892499999999998,1.739
0.579,0.8029999999999999,0.6965,0.62775,0.71025,1.2832500000000002,1.8297500000000002,1.89025,2.627,1.8572500000000003,2.0562500000000004,2.73475,3.246,3.1005000000000003,2.8605,1.64075,0.78,1.15575,1.53325,1.9962499999999999
,,,,,,,,0.34099999999999997,0.4445,0.49150000000000005,0.9667500000000001,1.32925,1.15175,1.13625,0.5702499999999999,-0.02474999999999998,0.16275,0.7957500000000001,1.2285000000000001
0.4246666666666667,0.514,0.6327499999999999,0.5805,0.61325,0.64225,0.6062500000000001,0.6637500000000001,0.722,0.82825,0.7874999999999999,0.783,0.828,0.85375,0.87,0.9245,0.97725,0.9125000000000001,1.0082499999999999,1.0385
,,,,,-1.15,,0.031,0.06075,0.46399999999999997,0.30625,0.47775,0.567,0.655,0.647,1.19325,1.569,1.37125,1.5270000000000001,1.63375
,,,,,,,,,,,,,,,,,,3.13375,2.9305000000000003
0.2275,0.27575000000000005,0.135,0.26325,0.44625,0.7375,0.79025,0.80225,1.27425,0.955,0.70275,1.3855,1.9924999999999997,2.0582499999999997,2.0252499999999998,1.362,0.9937499999999999,1.23625,2.17875,2.75175
,,,,,,,0.35,0.36649999999999994,0.10350000000000002,0.186,0.5720000000000001,0.9047499999999999,1.1303333333333334,1.28275,1.35825,1.422,1.5262499999999999,1.81975,2.1545
,,,,,,,,,,0.3375,0.416,0.56675,0.6855,0.79125,0.8827499999999999,0.9715,1.09425,1.12575,1.5105
0.10466666666666667,0.195,0.3415,0.51325,0.59775,0.68975,0.73875,0.80125,0.823,0.909,1.04975,1.10125,1.157,1.18125,1.06925,1.16925,1.27875,1.3705,1.5339999999999998,1.693
0.19,0.25625,0.319,0.4365,0.5974999999999999,0.93675,1.2600000000000002,0.41925,0.106,-0.28575,-0.04574999999999998,0.05625,0.12325,0.254,0.4025,0.4595,0.59975,0.66,0.8639999999999999,1.0325
0.13325,0.157,0.169,0.20199999999999999,0.2455,0.33775,0.392,0.46699999999999997,0.5505,0.4905,0.51275,0.6735,0.82625,0.8855000000000001,0.9460000000000001,1.0902500000000002,1.2392500000000002,0.99725,1.0995,1.214
0.17925,0.2295,0.17775,0.1675,0.21125,0.3195,0.37275,0.41924999999999996,0.53,0.48425,0.4769999999999999,0.6407499999999999,0.7364999999999999,0.8945,0.9722500000000001,1.19275,1.4020000000000001,1.508,1.66025,1.8
,,,,,,0.041666666666666664,0.049499999999999995,0.069,0.14625,0.21000000000000002,0.28274999999999995,0.35275,0.4325,0.49975,0.5065,0.511,0.5835,0.657,0.8947499999999999
,,,,,,0.041666666666666664,0.049499999999999995,0.069,0.14625,0.21000000000000002,0.28274999999999995,0.35275,0.4325,0.49975,0.5065,0.511,0.5835,0.657,0.8947499999999999
,,,,,0.45,0.453,0.45525000000000004,0.54075,0.54325,0.47525000000000006,0.6325,0.679,0.5782499999999999,0.46975,0.42375,0.54725,0.6715,0.59625,0.6142500000000001
,,,,,0.4,0.43333333333333335,0.32,0.12666666666666668,0.10250000000000001,0.23674999999999996,0.275,0.36825,0.41950000000000004,0.29025,0.263,0.29025,0.37900000000000006,0.41074999999999995,0.34125
,,,,0.12625,0.135,0.13374999999999998,0.15250000000000002,0.17325,0.199,0.26825,0.37649999999999995,0.49150000000000005,0.609,0.6975,0.7717499999999999,0.742,0.909,1.16975,1.3704999999999998
0.5545,0.6545,0.39125,0.38,0.5,0.5976666666666667,0.706,0.853,0.92275,0.75475,0.6267499999999999,1.04275,1.2425,1.34125,1.3255000000000001,1.25075,0.973,0.9392500000000001,1.2622499999999999,1.4100000000000001
,,,,,,,,,,,,,,,,,,,1.2775
,,,,,,0.36825,0.265,0.195,0.07875000000000001,-0.046250000000000006,-0.0325,-0.06933333333333333,-0.07,-0.05,0.037500000000000006,0.07375000000000001,0.08450000000000002,0.09175,0.11425
0.197,0.25075000000000003,0.309,0.3255,0.362,0.42325,0.51425,0.597,0.698,0.6135,0.7215,0.8382499999999999,0.897,0.797,0.6795,0.5900000000000001,0.81975,0.9695,1.17075,1.4045
0.8514999999999999,0.8533333333333334,0.9465000000000001,1.06625,0.83575,0.89775,1.345,0.67875,0.79875,0.79475,0.79625,0.9525,0.9372499999999999,0.9750000000000001,1.07925,1.219,1.3355,1.26725,1.36475,1.50975
1.587,1.746,2.24075,1.2845000000000002,0.9550000000000001,1.14225,1.3467500000000001,0.89125,0.9272499999999999,0.9472499999999999,0.9564999999999999,0.9677499999999999,1.05675,1.11825,1.13875,1.1789999999999998,1.161,1.1635,1.185,1.2152500000000002
0.038250000000000006,0.05700000000000001,0.11675,0.166,0.243,0.27924999999999994,0.3125,0.39525,0.43274999999999997,0.47650000000000003,0.5502499999999999,0.5782499999999999,0.7765,0.91575,0.9410000000000001,0.9535,0.9992500000000001,0.9415,0.976,1.1400000000000001
0.24000000000000002,0.614,0.33525,0.53725,0.662,1.038,1.9754999999999998,1.6837499999999999,2.31525,1.4002499999999998,1.4887499999999998,1.54475,1.61175,1.04425,1.4762499999999998,0.9275,-0.05700000000000001,0.41750000000000004,0.494,0.496
,,,,,,,,,,,,,,,,,0.8270000000000001,1.72425,1.95075
0.10849999999999999,-0.012500000000000008,0.07475,0.24650000000000002,0.41275,0.41325,0.26175000000000004,0.09499999999999999,0.19824999999999998,0.014249999999999999,0.07824999999999999,0.09075,0.16125,0.20550000000000002,0.214,0.41925,0.6777500000000001,0.864,1.0437500000000002,0.8862500000000001
0.0125,0.023,0.046,0.07775000000000001,0.13125,0.19799999999999998,0.2585,0.31175,0.42075,0.40149999999999997,0.4125,0.475,0.5855,0.6917500000000001,0.7707499999999999,0.80275,0.47725,0.5182500000000001,0.56925,0.6575
0.18474999999999997,0.19633333333333333,0.22766666666666668,0.2625,0.2845,0.33325,0.38166666666666665,0.41174999999999995,0.477,0.52475,0.56725,0.6365000000000001,0.7715000000000001,0.90425,1.0505,1.178,1.19775,1.235,1.35925,1.48675
0.7916666666666666,0.7723333333333332,0.842,0.787,0.708,0.69175,0.724,0.7976666666666666,0.8170000000000001,0.86425,0.7825,0.893,0.94525,0.9620000000000001,0.9387500000000001,0.957,1.0667499999999999,1.0665,1.08425,1.11675
0.45799999999999996,0.4685,0.331,0.3785,0.38775,0.43175,0.49175,0.549,0.6425,0.6214999999999999,0.60475,0.6327499999999999,0.6944999999999999,0.867,0.97225,1.061,1.263,1.49975,1.49925,1.51925
0.5816666666666667,0.515,0.388,0.4383333333333333,0.437,0.5863333333333333,0.7969999999999999,0.86575,0.9745000000000001,0.8919999999999999,0.8355,0.7529999999999999,0.634,0.75525,0.9075000000000001,0.9337500000000001,0.98825,0.99675,1.0585,1.1545
,,,,,0.21,0.23475,0.24175,0.285,0.18500000000000003,0.22,0.3785,0.5235,0.5905,0.7265,0.6182500000000001,0.702,0.7865,1.0022499999999999,1.14575
0.382,0.47433333333333333,0.28700000000000003,0.312,0.24675,0.5035000000000001,0.6925,0.581,0.6025,0.5225,0.50925,0.97975,1.2535,1.58475,1.7752500000000002,1.8555,1.866,1.8555000000000001,2.04225,2.3055000000000003
0.415,0.44325000000000003,0.35125,0.3345,0.3395,0.4375,0.5155,0.6455,0.7532500000000001,0.6619999999999999,0.5599999999999999,0.83175,0.93775,0.9137499999999998,0.96575,0.92975,0.7847500000000001,0.63475,0.7652500000000001,0.9312500000000001
0.0645,0.20274999999999999,0.065,0.128,0.1795,0.34725,0.6505,0.6327499999999999,0.8165,0.6395,0.426,0.458,0.59775,0.7280000000000001,1.208,0.5807499999999999,-0.18125,0.23075,0.855,1.4127500000000002
,,,,,,0.33,-0.112,0.12825,0.27474999999999994,0.4605,0.54,0.66925,0.90875,0.9695,1.23925,1.29275,1.2582500000000003,1.4825,1.9877500000000001
,,,,,,0.11125,0.16749999999999998,0.0925,0.0915,0.08325,0.1695,0.17625,0.5406666666666667,0.21666666666666667,0.34700000000000003,0.41125,0.315,0.30825,0.381
,,,,,,0.28,0.3433333333333333,0.4026666666666667,0.41974999999999996,0.5005,0.576,0.5902499999999999,0.6277499999999999,0.6652499999999999,0.71675,0.74275,0.78375,0.82475,0.843
,,,,,,0.32,0.4266666666666667,0.4525,0.5750000000000001,0.20775,0.35575,0.45675,0.6225,0.83425,0.60825,0.819,1.0494999999999999,1.1275000000000002,1.2402499999999999
-0.53375,0.51225,1.0374999999999999,1.3267499999999999,1.86075,2.43375,3.3265000000000002,4.293749999999999,0.99075,-1.09425,-0.0009999999999999974,0.15175,0.1585,0.132,0.207,0.289,0.3865,0.46925,0.753,1.025
0.44175,0.3163333333333333,0.24350000000000002,0.3405,0.44,0.652,0.786,0.8040000000000002,1.0153333333333334,0.7285,0.47300000000000003,0.903,1.1145,1.14,1.2385,1.269,1.1272499999999999,1.1420000000000001,1.28975,1.466
0.685,0.8366666666666668,0.8820000000000001,0.9143333333333334,1.0785,1.20425,1.21475,1.5573333333333335,1.733,1.7985,1.705,1.6195,1.44775,1.26475,1.252,1.3595,1.2575,1.2685,1.40275,1.4132500000000001
,,,,,,,,,,,,,,,,,,0.36200000000000004,0.7419999999999999
0.073,0.0655,0.08025000000000002,0.0965,0.10625,0.1185,0.132,0.14125000000000001,0.15250000000000002,0.19049999999999997,0.22625,0.24974999999999997,0.35375,0.40449999999999997,0.41325000000000006,0.5005,0.63125,0.84825,1.09275,1.3182500000000001
0.449,0.6579999999999999,0.6285000000000001,0.5987499999999999,0.6732499999999999,0.7460000000000001,0.826,1.0915,1.147,0.99425,0.961,1.0054999999999998,0.71625,0.6515,0.582,0.614,0.63625,0.6857500000000001,0.7647499999999999,0.7999999999999999
0.082,0.12833333333333333,0.12425,0.1445,0.166,0.223,0.23700000000000004,0.33033333333333337,0.365,0.35325,0.30975,0.4495,0.492,0.46124999999999994,0.48050000000000004,0.5295000000000001,0.61675,0.623,0.70425,0.8694999999999999
,,,,,,0.609,0.58,0.7417499999999999,0.58075,0.81975,0.96925,0.8400000000000001,0.9172499999999999,0.9985,1.0965,1.4140000000000001,1.51825,1.4177499999999998,1.7544999999999997
,,,,,0.2375,,0.14,0.1496666666666667,0.0955,0.04775,0.094,0.17375000000000002,0.2535,0.359,0.4466666666666667,0.55825,0.66075,0.7145,0.74
0.9640000000000001,0.78475,0.18775,0.132,0.30800000000000005,0.44075000000000003,0.12966666666666668,-0.45000000000000007,-0.03175,-0.57075,0.15975,0.45425,0.4015,0.37474999999999997,0.37525,0.471,0.47424999999999995,0.42424999999999996,0.4085,0.31975
,,,,,,,,,,,,,0.35366666666666663,0.67275,0.56725,0.21325,0.89775,1.618,2.1315
0.03325,0.039,0.03425,0.036333333333333336,0.04425,0.067,0.08675000000000001,0.09725,0.11525,0.10775,0.0945,0.1385,0.18075,0.2065,0.22,0.2375,0.23725,0.232,0.28900000000000003,0.35300000000000004
,,,,,,,,,,,,0.14300000000000002,0.15025,0.3,0.49675,0.78975,1.3755,2.11725,2.264
,,,,,,,,,,,,0.24033333333333332,0.3075,0.5015000000000001,0.5657500000000001,0.6415,0.77375,0.894,0.935
0.1145,0.11933333333333335,0.09825,0.19299999999999998,0.24975,0.44625,0.6376666666666667,0.72625,1.3825,0.44075000000000003,0.9882500000000001,1.38,1.222,1.0882500000000002,0.728,0.44,0.252,0.331,0.45325000000000004,0.1755
0.5605,0.5227499999999999,0.5155000000000001,0.6735,0.865,1.1927500000000002,1.4072500000000003,1.63825,1.43725,0.9442499999999999,0.93275,1.26225,1.5590000000000002,1.53475,1.7392500000000002,2.19325,2.64375,3.0504999999999995,3.6765,3.91775
0.6556666666666667,0.71075,0.85825,0.7995,0.6825,0.7602499999999999,0.88425,1.01425,1.06425,1.13875,0.95725,0.8195,0.8362499999999999,0.778,0.6839999999999999,0.667,0.678,0.67225,0.64,0.6615
0.051000000000000004,0.04275,-0.00725,0.011000000000000001,0.05575000000000001,0.1315,0.2405,0.31,0.34900000000000003,0.38549999999999995,0.5165,0.86,1.1132499999999999,1.209,1.30025,1.5785,1.7622499999999999,2.03825,2.28625,2.596
,,0.34775,0.3765,0.42900000000000005,0.476,0.46625,0.609,0.7102499999999999,0.4175,0.48050000000000004,0.59475,0.63575,0.70075,0.79,0.8779999999999999,0.94825,1.091,1.27075,1.6317500000000003
0.05375,0.06625,0.083,0.0995,0.11725,0.13675,0.16199999999999998,0.18325000000000002,0.211,0.23325,0.2525,0.28325,0.32275000000000004,0.36825,0.41100000000000003,0.47350000000000003,0.547,0.6315000000000001,0.753,0.868
0.46824999999999994,0.5754999999999999,0.68675,0.77725,0.833,0.8089999999999999,0.71325,0.7037500000000001,0.5395,-0.008500000000000008,-0.047250000000000014,0.2665,0.34850000000000003,0.4025,0.43675,0.42174999999999996,0.405,0.44175,0.56725,0.6875
0.034333333333333334,0.031,0.06933333333333334,0.077,0.09625,0.1545,0.171,0.18975,0.289,0.36824999999999997,0.38625,0.45325000000000004,0.43775,0.40374999999999994,0.40374999999999994,0.41875,0.43424999999999997,0.45575,0.522,0.60075
0.12166666666666666,0.20933333333333334,0.20266666666666666,0.14700000000000002,0.1215,0.14225,0.2185,0.31266666666666665,0.49966666666666665,0.6617500000000001,0.614,0.685,0.74775,0.866,0.9742499999999998,0.95875,0.7165,0.528,0.44275,0.55
,,,,,,,,,,,0.4675,0.627,0.87325,1.2385000000000002,1.5365,1.7489999999999999,2.0515,2.47975,2.982
0.4065,0.504,0.231,0.16275,0.17075,0.22675,0.335,0.41125,0.47000000000000003,0.66825,0.5720000000000001,0.6695000000000001,0.8532500000000001,1.0342500000000001,1.1615000000000002,1.047,0.7312500000000001,0.81475,1.15225,1.5885
,,,,,,,,,,,,,,,,,,,0.76
,,,,,,,,,,,,,,,,,,,0.6320000000000001
,,,,,,,,,,,0.49549999999999994,0.5985,0.6975,0.70625,0.73025,0.905,1.1285,1.2275,1.328
,,,,,,0.514,0.4630000000000001,0.52625,0.503,0.509,0.527,0.53675,0.5886666666666667,0.62,0.7095,0.812,0.8145,0.7977500000000001,0.7959999999999999
,,,,,0.14,0.156,0.25425,0.357,0.33599999999999997,0.31275000000000003,0.4255,0.5722499999999999,0.59825,0.7,0.7042499999999999,0.35875,0.29625,0.348,0.36774999999999997
,,,,,,,,,,0.04033333333333334,0.07625000000000001,0.12675,0.15125000000000002,0.13525,0.14950000000000002,0.182,0.22075,0.339,0.51475
,,,,,,,,,,,,,,,,0.71,0.67675,0.8210000000000001,0.9324999999999999
0.49574999999999997,0.5647500000000001,0.6575,0.6575,0.7092499999999999,0.8567499999999999,0.9982499999999999,1.12625,1.4207500000000002,1.6045000000000003,1.669,1.7905,1.85975,1.764,1.8207499999999999,2.07475,2.3432500000000003,2.45075,2.72725,3.06325
0.3085,0.37250000000000005,0.40325,0.42574999999999996,0.40524999999999994,0.4495,0.5193333333333333,0.5933333333333334,0.62,0.3135,0.249,0.3265,0.39375,0.444,0.43474999999999997,0.425,0.42175000000000007,0.45799999999999996,0.28600000000000003,0.18575000000000003
-0.00725,-0.0125,-0.0010000000000000002,0.020000000000000004,0.0475,0.07575000000000001,0.13366666666666668,0.1855,0.25525,0.31125,0.419,0.50075,0.5075000000000001,0.5075000000000001,1.03275,2.5402500000000003,2.9552499999999995,2.32425,1.7487500000000002,1.6687500000000002
0.24774999999999997,0.27125,0.21775,0.31875,0.35375,0.34625,0.35224999999999995,0.38475000000000004,0.4285,0.47600000000000003,0.52825,0.6195,0.637,0.62975,0.7270000000000001,0.70625,0.68425,0.7605,0.77125,0.7255
,,,,,0.52,0.5465,0.598,0.6535,0.6864999999999999,0.686,0.77075,0.87275,0.94675,1.03475,1.0892499999999998,1.117,1.17475,1.40725,1.64775
,,,,,0.2,0.25325,0.32099999999999995,0.42499999999999993,0.29025,0.43375,0.49625,0.3915,0.33175,0.3665,0.39149999999999996,0.3715,0.43074999999999997,0.464,0.5155000000000001
,,,,,,,,,,,1.0516666666666667,1.0015,0.9825,1.07325,1.1760000000000002,1.3904999999999998,1.4657499999999999,1.604,1.6895
,,,,,0.73,1.01375,1.65,2.4885,2.72125,3.326,4.188750000000001,5.356999999999999,5.7995,6.5785,7.32975,8.48025,10.39875,12.78575,14.11925
,,,,,0.73,1.01375,1.65,2.4885,2.72125,3.326,4.188750000000001,5.356999999999999,5.7995,6.5785,7.32975,8.48025,10.39875,12.78575,14.11925
0.6015,0.5846666666666667,0.558,0.5712499999999999,0.5435000000000001,0.60875,0.68325,0.7535,0.79525,0.69825,0.6559999999999999,0.82475,0.9877499999999999,1.12225,1.166,1.2287499999999998,1.2159999999999997,1.2205000000000001,1.3505,1.4917500000000001
,0.0475,0.0745,0.08675000000000001,0.1055,0.13575,0.1775,0.21325000000000002,0.237,0.25675000000000003,0.29625,0.34375,0.40875,0.45775,0.5015,0.5800000000000001,0.7172499999999999,1.062,1.2429999999999999,1.511
0.30274999999999996,0.24624999999999997,0.03675,0.11975000000000001,0.26275,0.2975,0.29774999999999996,0.2275,0.2685,0.318,0.39,0.45575000000000004,0.377,0.56825,0.673,0.681,0.59775,0.50325,0.48424999999999996,0.63575
,0.14550000000000002,0.12875,0.17850000000000002,0.23925,0.2815,0.42933333333333334,0.6715,1.0587499999999999,0.69775,0.7005,0.6072500000000001,0.6325000000000001,0.6435,0.65525,0.78475,0.58575,0.6712499999999999,0.75125,0.92025
1.29725,1.5590000000000002,1.12825,1.11275,1.6092499999999998,2.1915,3.12075,4.8555,5.0695,2.6645,4.59375,4.468249999999999,2.9547499999999998,3.442,3.9427499999999993,4.3545,4.494,4.59525,5.3855,6.215249999999999
0.568,0.5680000000000001,0.6489999999999999,0.6906666666666667,0.674,0.85,1.0416666666666667,1.1862499999999998,1.4304999999999999,1.393,1.4729999999999999,1.9700000000000002,2.5970000000000004,2.95275,3.247,3.30475,3.0470000000000006,2.918,3.13075,4.460000000000001
0.14925,0.16425,0.1575,0.15225,0.16875,0.24225000000000002,0.486,0.6167499999999999,0.7295,0.5,0.347,0.7215,0.96575,0.805,1.06475,0.64525,0.12974999999999998,0.25049999999999994,0.6152500000000001,0.41900000000000004
,,,,,,0.31425000000000003,0.39649999999999996,0.48950000000000005,0.56625,0.6165,0.7815000000000001,0.7885,0.72075,0.79325,0.8274999999999999,0.972,1.1825,1.3459999999999999,1.1557499999999998
0.4335,0.33625,0.33025,0.36674999999999996,0.4095,0.45525000000000004,0.46375,0.46325,0.37675000000000003,0.06925000000000002,-0.07325,0.11725,0.15175,0.16325,0.17774999999999996,0.20074999999999998,0.21400000000000002,0.23850000000000002,0.29050000000000004,0.33825000000000005
,,,,,,,0.10533333333333333,0.15925,0.14825,0.1265,0.16775,0.23075,0.21,0.28875,0.41425,0.49175,0.52075,0.47825,0.4472499999999999
,,,,,,,,,,,0.6335,0.8580000000000001,0.8627499999999999,0.9715,1.244,1.527,1.8192499999999998,2.021,2.4935
,,,,,,0.20333333333333334,0.1775,0.1995,0.23224999999999998,0.25575000000000003,0.362,0.4355,0.50875,0.5275000000000001,0.5145,0.4425,0.29875,0.15975,0.157
0.23375,0.27749999999999997,0.31025,0.37050000000000005,0.44299999999999995,0.5332499999999999,0.649,0.7125,0.58875,0.37999999999999995,0.35025,0.47225,0.58175,0.7415,0.89575,1.1135,1.3205,1.5585,1.82,2.33025
0.35475,0.794,0.701,0.46224999999999994,0.355,0.6695,1.60675,1.438,1.9252500000000001,0.9405000000000001,1.0459999999999998,1.6385,1.66675,1.5845,1.3255000000000001,0.18524999999999997,-1.07525,-0.7515000000000001,-0.5107499999999999,0.0037499999999999947
,,,,,0.1395,0.43624999999999997,0.44925000000000004,0.6245,0.371,0.3515,0.5747500000000001,1.3054999999999999,1.53475,1.052,0.8775,0.942,0.4665,0.9920000000000001,1.6132499999999999
1.04575,1.17875,1.21475,1.1966666666666665,1.4794999999999998,1.8385,2.1027500000000003,2.40975,2.49925,1.6552499999999997,0.9319999999999999,0.94475,0.863,0.799,0.8932500000000001,0.94825,1.012,1.0025,1.09025,1.2405
,,,,,,,,,,,0.8895000000000001,0.794,0.98325,1.6475000000000002,2.1895,2.33725,2.77325,3.65125,4.0505
,,,,,,,,,,,,,,0.5203333333333334,0.6412500000000001,0.7265,0.5662499999999999,0.6255,0.87725
0.258,0.332,0.41350000000000003,0.5462499999999999,0.6955,0.837,0.8035,1.06475,0.9,0.5447500000000001,0.3185,0.55125,0.69875,0.8227499999999999,0.97075,1.0945,1.017,1.0939999999999999,0.9329999999999999,1.0077500000000001
-0.043666666666666666,,0.02,0.01525,0.03275,0.05666666666666667,0.10650000000000001,0.19075,0.2795,0.28374999999999995,0.30024999999999996,0.31425,0.34375,0.4065,0.35250000000000004,0.384,0.46775,0.49675,0.553,0.611
0.8670000000000001,0.7609999999999999,0.59175,0.44325,0.41033333333333327,0.522,0.6443333333333333,0.74375,0.9372499999999999,0.87875,0.648,0.9212500000000001,1.1045,1.2295,1.3930000000000002,1.5292499999999998,1.66175,1.7635,1.967,2.05825
0.133,0.312,0.1835,0.06375,0.08000000000000002,0.214,0.5395,0.8350000000000001,1.0050000000000001,0.82225,0.506,0.8997499999999999,1.1997499999999999,1.26975,1.5004999999999997,0.92725,-0.21050000000000002,-0.28600000000000003,-0.030499999999999992,0.35325000000000006
,,,,,,,,,,,,,,,,0.503,0.44799999999999995,0.3265,0.3905
0.45275,0.4125,0.2165,0.2995,0.36224999999999996,0.3715,0.47550000000000003,0.6545,0.8545,0.9587500000000001,1.093,1.25325,1.07925,0.9025,0.9219999999999999,0.9420000000000001,0.51775,0.40725,0.47024999999999995,0.5449999999999999
,,,,,1.7,0.45399999999999996,0.37,0.35550000000000004,0.347,0.35575,0.34975,0.3454999999999999,0.4515,0.5942500000000001,0.4285,0.51,0.45000000000000007,0.6917500000000001,0.4757500000000001
0.07625,0.08725000000000001,0.10575,0.09625,0.09575,0.10550000000000001,0.12225000000000001,0.136,0.14325,0.1405,0.1635,0.1925,0.23074999999999998,0.2485,0.28025,0.31475,0.36575,0.4205,0.4345,0.44425000000000003
0.104,0.12175,0.15125,0.18525,0.22574999999999998,0.2475,0.28,0.315,0.37650000000000006,0.40975000000000006,0.44175,0.496,0.54125,0.61275,0.68925,0.754,0.841,0.9025,1.01525,0.98875
0.43625,0.5237499999999999,0.33675,0.2535,0.19674999999999998,0.30400000000000005,0.32575,0.268,0.25333333333333335,0.016249999999999994,-0.09675,0.03933333333333333,0.05725,0.09275,0.145,0.1795,0.21550000000000002,0.17425000000000002,0.1715,0.194
0.2945,0.3395,0.4043333333333334,0.43775,0.49325,0.57575,0.65325,0.66225,0.513,0.48849999999999993,0.5675,0.6980000000000002,0.7842499999999999,0.9140000000000001,1.05075,1.11925,1.119,1.183,1.329,1.4284999999999999
0.16025,0.16775,0.24825000000000003,0.35525,0.397,0.515,0.81775,1.0145,1.1340000000000001,1.432,1.32175,1.54825,2.1215,1.85825,2.0185,2.15725,2.42625,2.62775,3.2277500000000003,4.15975
1.11925,1.2325,1.201,1.0965,1.2337500000000001,1.3715,1.44075,1.6982500000000003,2.05875,2.29075,2.7914999999999996,3.2205,3.7562499999999996,4.2315,4.68025,4.2585,3.7542500000000003,3.58975,3.44625,3.5199999999999996
,,,,,,0.07733333333333332,0.167,0.24874999999999997,0.24824999999999997,0.26475,0.3195,0.38875000000000004,0.42625,0.5245,0.57725,0.69,0.76575,0.8607500000000001,0.9665
0.06775,0.08466666666666667,0.084,0.10300000000000001,0.12533333333333332,0.14450000000000002,0.15766666666666665,0.19566666666666666,0.228,0.241,0.2795,0.333,0.38825,0.438,0.48724999999999996,0.54575,0.551,0.72625,0.96125,1.187
0.236,0.2383333333333333,0.20174999999999998,0.22849999999999998,0.248,0.33575,0.398,0.47375,0.554,0.46649999999999997,0.43025,0.576,0.701,0.72925,0.8325,0.9605000000000001,0.95075,1.0015,1.217,1.4475000000000002
0.48449999999999993,0.4155,0.45049999999999996,0.55,0.5750000000000001,0.6666666666666666,0.5633333333333334,0.6025,0.6366666666666666,0.6806666666666666,0.6863333333333334,0.94225,1.0425,1.082,1.23575,1.3707500000000001,1.3792499999999999,1.4617499999999999,1.5510000000000002,1.6545
,-0.09666666666666668,-0.132,-0.11299999999999999,-0.05775,0.0045000000000000005,0.022333333333333334,0.08475,0.14900000000000002,0.228,0.28125,0.362,0.38824999999999993,0.41600000000000004,0.52275,0.788,0.97125,1.016,1.11025,1.69375
-0.1025,-0.1585,-0.2585,-0.44375,-0.4166666666666667,-0.40499999999999997,-0.3195,-0.23875000000000002,-0.4355,-0.45250000000000007,-0.29825,-0.36375,-0.21875,-0.12975,-0.069,0.011000000000000001,0.13575,0.33125,0.38833333333333336,0.5055000000000001
,,,,,,,,,,,,,,,0.36150000000000004,0.386,0.50825,0.55975,0.6345
0.35475,0.27975,0.15525,0.16225,0.30074999999999996,0.31525000000000003,0.33225,0.27575,0.34925,0.2015,0.39075000000000004,0.5005000000000001,0.648,0.52775,0.50325,0.5944999999999999,0.607,0.69775,0.887,1.1515000000000002
0.063,0.09050000000000001,0.12225000000000001,0.15925,0.18825,0.23249999999999998,0.27999999999999997,0.32975,0.378,0.40775,0.4705,0.63525,0.71875,0.8584999999999999,0.9315000000000001,0.568,0.82875,1.10875,1.3032500000000002,1.5605000000000002
0.7735,0.359,0.31024999999999997,0.42325,0.4095,0.5157499999999999,0.3295,0.5782499999999999,0.62525,0.2315,0.43999999999999995,0.677,0.738,0.9704999999999999,1.065,0.9942500000000001,0.9265000000000001,1.0445,1.2192500000000002,1.40025
,,,,,0.25,0.09566666666666668,0.05074999999999999,0.10975,0.101,0.07799999999999999,0.15925,0.20925,0.23299999999999998,0.242,0.28400000000000003,0.33275,0.3645,0.40225,0.46325000000000005
,,,,,,,0.1815,0.2185,0.1845,0.12,0.41300000000000003,0.6869999999999999,0.8025000000000001,0.8907500000000002,1.063,1.2622499999999999,1.3727500000000001,2.02025,1.7825
,,,,,,,,,,,,,0.509,0.5954999999999999,0.778,0.9319999999999999,1.141,1.3205,1.5740000000000003
0.48475,0.46774999999999994,0.34425,0.40525,0.50075,0.70975,0.8956666666666667,0.9495,0.947,0.65975,0.57325,0.7557499999999999,0.8320000000000001,0.93275,0.87475,0.97175,0.99675,1.1247500000000001,1.3175000000000001,1.5715
-0.0055,0.001749999999999999,0.067,0.09225000000000001,0.11850000000000001,0.12225,0.14575000000000002,0.15650000000000003,0.1825,0.19024999999999997,0.23950000000000002,0.26925,0.29,0.2865,0.27074999999999994,0.31575,0.30275,0.3125,0.3055,0.3185
,-0.0765,-0.04775,-0.024499999999999997,0.023666666666666666,0.06475,0.12475,0.22175,0.399,0.48524999999999996,0.6134999999999999,0.897,1.187,1.45275,1.29475,1.4714999999999998,1.7255,2.0045,2.4074999999999998,3.07925
0.1495,0.057,0.09600000000000002,0.1225,0.11499999999999999,0.1125,0.13375,0.19275,0.23825,0.2185,0.245,0.34775,0.43799999999999994,0.5275,0.587,0.66925,0.69,0.8427499999999999,0.982,1.049
0.4223333333333333,0.42750000000000005,0.38649999999999995,0.4245,0.49075,0.63825,0.75175,0.8247499999999999,0.91675,0.612,0.6792499999999999,0.91475,1.04875,1.1015,1.12825,1.31475,1.3847500000000001,1.55125,1.8555,2.04575
0.30325,0.37024999999999997,0.3075,0.235,0.27,0.22,0.2225,0.405,0.47425,0.265,0.31124999999999997,0.4345,0.46675,0.5215000000000001,0.60925,0.6885000000000001,0.646,0.6312500000000001,0.7220000000000001,0.62725
0.07350000000000001,0.08333333333333333,0.07125000000000001,0.11574999999999999,0.1875,0.3105,0.38275000000000003,0.401,0.41474999999999995,0.388,0.36024999999999996,0.508,0.6305000000000001,0.7602500000000001,0.8467500000000001,0.9115,1.0145,1.0285,1.2375,1.5570000000000002
2.2375,2.83625,3.1972500000000004,1.61475,1.6690000000000003,2.05325,2.0477499999999997,2.12925,0.66425,0.65525,0.6552499999999999,0.80425,0.9565000000000001,0.49399999999999994,0.54275,0.6214999999999999,0.577,0.6835,0.7190000000000001,0.56175
0.17833333333333334,0.20650000000000002,0.247,0.2815,0.301,0.33666666666666667,0.36400000000000005,0.517,0.772,0.87725,0.62375,0.66425,0.75375,0.8355,0.9269999999999999,0.8554999999999999,0.7610000000000001,0.80125,1.0085,1.24075
0.09675,0.15050000000000002,0.16275,0.14650000000000002,0.16599999999999998,0.20425,0.238,0.274,0.3115,0.30324999999999996,0.3295,0.37074999999999997,0.43225,0.5005,0.58125,0.64575,0.6855,0.75075,0.847,0.831
0.42000000000000004,0.48075000000000007,0.5565,0.65625,0.7332500000000001,0.8374999999999999,0.9397499999999999,0.9979999999999999,1.11175,1.1295,1.2149999999999999,1.225,1.28825,1.339,1.451,1.54275,1.6139999999999999,1.766,1.99275,2.13325
,,,,,0.19,0.2075,0.204,0.277,0.2615,0.28375,0.391,0.3035,0.28,0.38375000000000004,0.43500000000000005,0.54425,0.55125,0.532,0.50125
,,,,,0.74,0.81525,1.0245,0.9934999999999999,0.55625,0.762,1.14325,1.2087499999999998,1.3415,1.49325,1.485,1.5125,1.642,2.0795,2.50475
0.18575,0.1275,0.1015,0.1415,0.17149999999999999,0.32825000000000004,0.45824999999999994,0.62525,0.6695,0.43350000000000005,0.47950000000000004,0.68125,0.774,0.8895,0.90925,0.921,0.88625,0.67225,0.6985,0.8382499999999999
0.41300000000000003,0.31299999999999994,0.4345,0.47050000000000003,0.51725,0.58475,0.71625,0.695,0.754,0.7894999999999999,0.88525,0.89125,0.8899999999999999,0.9604999999999999,1.02875,0.9530000000000001,0.9482499999999999,0.99925,1.088,1.0565
0.617,0.6165,0.5837500000000001,0.5782499999999999,0.575,0.6405000000000001,0.69925,0.7412500000000001,0.54125,-0.03749999999999999,-0.17425000000000002,0.1295,0.18575000000000003,0.21899999999999997,0.2545,0.28125,0.28775,0.32875,0.40875,0.46824999999999994
,,,,,,,,,,,,,,,0.6543333333333333,0.63825,0.60975,0.7687499999999999,0.9249999999999999
,,,,,,,,,,,,,,,,0.776,0.9760000000000001,0.9812500000000001,0.83225
,,,,,,0.36533333333333334,0.36575,0.39425,0.20575,0.06425,0.061,0.06975,0.10625000000000001,0.13325,0.14,0.13075,0.1695,0.14900000000000002,0.15
0.286,0.44075000000000003,0.2495,0.15975,0.2735,0.5475,0.5055,0.7655000000000001,0.66725,-0.021499999999999984,0.3035,1.12875,1.05475,0.7699999999999999,0.8554999999999999,0.6625,0.9567500000000001,1.3944999999999999,1.87725,1.9594999999999998
0.83075,0.917,0.88525,0.88975,0.9025000000000001,0.966,0.9905,1.05125,1.1495,1.113,1.2422499999999999,1.2775,1.29375,1.3912499999999999,1.5385000000000002,1.50325,1.5385,1.5970000000000002,1.70375,1.6925
,,,,,,,,,,,0.291,0.30025,0.34924999999999995,0.33949999999999997,0.25225,0.18775000000000003,0.17775000000000002,0.1955,0.249
-0.00675,0.04825,0.10325000000000001,0.11525,0.13475,0.12775000000000003,0.15949999999999998,0.19325,0.23049999999999998,0.083,0.152,0.36374999999999996,0.44025,0.47150000000000003,0.542,0.619,0.74875,0.823,0.90025,1.1182500000000002
0.19974999999999998,0.20775,0.22,0.23875,0.26049999999999995,0.262,0.29625,0.31775000000000003,0.3755,0.40549999999999997,0.42374999999999996,0.481,0.5229999999999999,0.5435,0.54025,0.505,0.50275,0.48799999999999993,0.53375,0.53325
0.144,0.169,0.18575,0.207,0.17200000000000001,0.149,0.15700000000000003,0.18325,0.20925,0.23525,0.22199999999999998,0.2085,0.23825000000000002,0.295,0.34450000000000003,0.40974999999999995,0.48225,0.5185,0.49774999999999997,0.49324999999999997
0.182,0.25925,0.34375,0.44799999999999995,0.43400000000000005,0.5305,0.61025,0.794,0.8367499999999999,0.67725,0.7885,0.93075,1.0972499999999998,1.01725,0.9995,1.0585,0.98875,0.8565,0.9915,1.3185
,,,,,0.235,0.26249999999999996,0.42375,0.4975,0.40675,0.33225000000000005,0.67875,0.87325,1.0475,1.20725,1.31875,1.213,1.284,1.5265000000000002,1.6995
,,0.48950000000000005,0.5446666666666667,0.536,0.6705,0.9450000000000001,1.145,1.29,1.0125,0.9535,0.85375,0.7737499999999999,0.8125,0.88825,0.805,0.70925,0.83425,0.82075,0.82625
0.21925,0.244,0.21025,0.21875,0.25825,0.34225,0.32825000000000004,0.40225,0.31375000000000003,0.22975,0.27525,0.4925,0.6385,0.7152499999999999,0.7370000000000001,0.835,0.9645,0.8624999999999999,0.772,0.68075
,,,,,,,0.9503333333333334,0.85025,1.0627499999999999,1.22075,1.29275,1.3559999999999999,1.50975,0.66525,0.6,0.7145,0.79775,1.0282499999999999,1.1560000000000001
0.41225,0.37575,0.3255,0.33949999999999997,0.3205,0.41675,0.41325,0.4355,0.2905,0.26825,0.27,0.37075,0.36324999999999996,0.41774999999999995,0.44025,0.519,0.59675,0.6864999999999999,0.713,0.66425
0.39275,,0.75325,1.0235,1.33825,1.7994999999999999,2.0445,0.623,-0.08600000000000001,-0.6826666666666666,-0.13,0.12325000000000001,0.20074999999999998,0.39525,0.624,0.796,0.9490000000000001,1.142,1.36925,1.52475
0.16033333333333333,0.3085,0.45775,0.5855,0.6339999999999999,0.70725,0.78525,0.98425,1.197,1.2469999999999999,1.366,1.54025,1.73275,1.8025,1.764,1.9069999999999998,2.20325,2.40475,2.74475,2.87425
0.10675000000000001,0.1365,0.15825,0.158,0.2235,0.34575,0.509,0.66975,0.8275,0.9387500000000001,1.0467499999999998,1.18125,1.245,1.18275,1.1945000000000001,1.1844999999999999,1.36725,1.3842500000000002,1.5322500000000001,1.9492500000000001
,,,,,,,,,,,,,,,,,,,1.6766666666666667
,,,,,,0.04533333333333334,0.06425,0.0895,0.11549999999999999,0.1305,0.174,0.2285,0.2865,0.34224999999999994,0.38675,0.425,0.48850000000000005,0.5654999999999999,0.6335
0.65925,0.6982499999999999,0.6819999999999999,0.65375,0.7104999999999999,0.76,0.7877500000000001,0.8190000000000001,0.98,1.0175,1.145,1.0515,0.84425,0.9424999999999999,0.6925,0.775,0.89425,1.00575,1.1975,1.43975
0.35125000000000006,0.3385,0.53625,0.61,0.6367499999999999,0.8552500000000001,1.09875,1.4880000000000002,1.8165,1.96225,1.9327500000000002,1.7735,1.9695,2.1445,2.5677499999999998,2.9047500000000004,3.0695000000000006,3.17975,3.66325,4.8389999999999995
0.86575,0.9573333333333333,0.99075,0.7807499999999999,0.9185000000000001,1.032,1.12975,1.343,1.4845,1.1275000000000002,0.8785000000000001,0.9437500000000001,1.00875,1.12225,1.34025,1.54825,1.6175,1.7382499999999999,2.03525,2.3175
0.2833333333333334,0.375,0.327,0.2475,0.275,0.23975,0.27749999999999997,0.33,0.42000000000000004,0.39,0.409,0.34249999999999997,0.36525,0.37275,0.4025000000000001,0.43324999999999997,0.463,0.497,0.52475,0.5675
0.10649999999999998,0.13175,0.1545,0.20625000000000002,0.28125,0.33799999999999997,0.39025000000000004,0.47524999999999995,0.44275000000000003,0.34075,0.2885,0.34349999999999997,0.3955,0.4265,0.5215,0.6605,0.83675,1.00275,1.14275,1.251
0.29525,0.3695,-0.020500000000000004,0.0085,0.1085,0.49699999999999994,0.5362500000000001,1.09125,0.89575,-0.22899999999999998,0.52275,1.3475,0.51875,0.484,1.03125,1.21025,1.467,2.3885,4.06775,3.423
0.17675000000000002,0.24999999999999997,0.1595,0.119,0.14150000000000001,0.1315,0.19,0.23850000000000002,0.13025,0.12375000000000001,0.12275,0.21375,0.21325,0.252,0.34450000000000003,0.742,1.006,0.9775,1.1742499999999998,1.24825
,,,,,0.22433333333333336,0.31975,0.39925,0.465,0.054,0.08274999999999999,0.39775,0.644,0.67675,0.911,0.8410000000000001,0.6162500000000001,0.6437499999999999,0.79975,0.84675
,,,,,,,,,,,,,,,,,0.516,0.59625,0.7384999999999999
,,,,,,,,,,,0.741,1.1597499999999998,1.48275,1.8450000000000002,2.12825,2.47125,2.45125,2.50775,2.707
0.422,0.36924999999999997,0.35,0.4185,0.4215,0.48975,0.5495,0.586,0.53525,0.2445,0.3045,0.48,0.623,0.83175,0.968,1.0899999999999999,0.9125000000000001,0.7947500000000001,0.9085,0.88425
,,,,,,0.06,0.104,0.18725000000000003,0.27325,0.33275,0.41625,0.546,0.64025,0.76775,0.874,0.9285,1.0865,1.4620000000000002,1.9015
0.69875,0.7125,0.7137499999999999,0.6874999999999999,0.71375,0.751,0.3866666666666667,0.1475,0.1775,0.12725,0.11624999999999999,0.315,0.3325,0.4056666666666667,0.345,0.5406666666666666,0.6375,0.545,0.494,0.52425
,,,,,,0.35000000000000003,0.5155,0.46425,0.13933333333333334,0.0034999999999999892,0.1375,0.1625,0.19875,0.162,0.21550000000000002,0.2555,0.2485,0.23275,0.14866666666666667
0.2375,0.28099999999999997,0.23625,0.25325,0.265,0.348,0.38675,0.4715,0.53525,0.295,0.2355,0.3605,0.41400000000000003,0.48950000000000005,0.5900000000000001,0.76075,0.9482499999999999,0.9862500000000001,1.292,1.556
0.46875000000000006,0.38675,0.36024999999999996,0.4485,0.49975,0.65275,0.616,0.47525,0.34025000000000005,0.05925,0.09599999999999999,0.112,0.06525,0.1655,0.27825,0.31875,0.3725,0.48,0.61125,0.70525
0.39025,0.39775,0.3735,0.3505,0.39725,0.496,0.5427500000000001,0.6432499999999999,0.8019999999999999,0.9642499999999999,1.1007500000000001,1.2515,1.426,1.4570000000000003,1.4822499999999998,1.3070000000000002,1.352,1.54775,1.8265,2.04175
0.1325,0.19375,0.1135,0.16225,0.17775000000000002,0.26325,0.31,0.36050000000000004,0.37650000000000006,0.3015,0.2905,0.56,0.47,0.45575,0.5914999999999999,0.65425,0.65925,0.89725,1.32275,1.5445000000000002
0.32349999999999995,0.25075,0.35275000000000006,0.4660000000000001,0.5445,0.46624999999999994,0.5445,0.6679999999999999,0.8125,0.96075,1.08375,1.2165,1.49025,1.7992500000000002,1.9985000000000002,2.6020000000000003,3.04325,3.0824999999999996,3.03425,3.2407500000000002
0.21500000000000002,0.13533333333333333,0.1795,0.25175000000000003,0.3285,0.4123333333333333,0.50525,0.63225,0.5727500000000001,0.40925,0.45675,0.531,0.6787500000000001,0.83175,0.99875,1.162,1.2675,1.28125,1.7875,2.0355
,,0.45699999999999996,0.5417500000000001,0.50925,0.48700000000000004,0.4645,0.4685,0.493,0.492,0.5269999999999999,0.57725,0.63425,0.416,0.42674999999999996,0.454,0.47075,0.52875,0.608,0.6179999999999999
0.23049999999999998,0.2685,0.30075,0.35300000000000004,0.40475000000000005,0.46649999999999997,0.55125,0.57575,0.631,0.7312500000000001,0.79025,0.8450000000000001,0.85875,0.9205000000000001,0.9535,0.9942500000000001,1.084,1.13525,1.164,1.23975
0.513,0.56575,0.6509999999999999,0.7040000000000001,0.78225,0.9037499999999999,1.12,1.313,1.54575,1.08475,1.02975,1.2885,1.3047499999999999,1.33275,1.4229999999999998,1.4700000000000002,1.4525000000000001,1.347,1.2235,1.3780000000000001
0.15950000000000003,0.21925,0.20625,0.231,0.23625,0.36,0.502,0.591,0.5900000000000001,0.14775,-0.1585,-0.165,-0.12375,-0.07600000000000001,0.07550000000000001,0.12625,0.16975,0.29825,0.37250000000000005,0.35850000000000004
0.7675,0.8285,1.00175,1.21525,1.30925,1.5315,1.646,1.6215,1.48475,0.6527499999999999,0.5595,0.8150000000000001,0.939,1.3472499999999998,2.10775,2.39825,3.0184999999999995,3.36325,3.8615000000000004,3.06825
0.23225,0.272,0.314,0.35924999999999996,0.38625,0.4876666666666667,0.42675,0.45724999999999993,0.53075,0.61375,0.629,0.6995,0.78125,0.837,0.8344999999999999,0.8805,0.94475,1.0485,1.1665,1.301
,,,,,,0.045,0.05875,0.08233333333333333,0.07075000000000001,0.14,0.224,0.34375000000000006,0.40199999999999997,0.50525,0.57625,0.7455,1.02675,1.1915,1.2810000000000001
0.7799999999999999,0.7342500000000001,0.6794999999999999,0.5670000000000001,0.8973333333333334,0.7344999999999999,1.2195,1.6295,1.6949999999999998,1.1027500000000001,0.7484999999999999,0.6575,0.6075,0.8260000000000001,0.9657500000000001,1.34125,1.7315,2.192,2.34625,2.32525
0.5045,0.5952500000000001,0.63175,0.69275,0.76825,0.59475,0.46325000000000005,0.42575,0.41100000000000003,0.4375,0.4355,0.46099999999999997,0.5335,0.6,0.69375,0.774,0.857,0.9395,1.057,1.16225
0.581,0.637,0.6085,0.7315,0.89225,1.0642500000000001,1.1729999999999998,1.1920000000000002,1.384,1.1584999999999999,1.27,1.58575,1.61575,1.7317500000000001,1.8670000000000002,2.0385,2.09775,2.1574999999999998,2.51675,2.66175
,,,,,,0.047,0.06525,0.09025,0.08900000000000001,0.104,0.11225,0.1575,0.19075000000000003,0.20425,0.27825,0.32425000000000004,0.37925000000000003,0.4285,0.49975
0.92775,1.035,1.19,1.1837499999999999,1.2295,1.2882500000000001,1.355,1.30125,0.8,0.4385,0.4675,0.51125,0.5485,0.5987499999999999,0.64425,0.69825,0.7605,0.83125,0.9522499999999999,1.072
,,,,,,0.12533333333333332,0.24475000000000002,0.9697499999999999,1.192,0.55725,1.02875,1.11225,,0.73575,0.85775,0.60375,0.25225,0.317,0.6015
,,,,,,,,,,,0.55,0.7235,1.21825,1.20725,1.1445,1.26375,0.802,1.1792500000000001,1.6974999999999998
0.6925,0.79475,0.80925,0.853,0.7947500000000001,0.643,0.56675,0.6692499999999999,0.82775,0.813,0.8557499999999999,0.93325,0.9490000000000001,0.92425,0.88675,0.8635,0.9247500000000001,0.9797500000000001,1.02575,1.162
,,,,,,1.17825,1.3555000000000001,1.70575,0.99725,0.9372500000000001,1.2045,0.91,0.77925,0.7475,0.11725,-0.24525,-0.03675,0.05449999999999999,0.1895
1.05575,1.17175,0.8620000000000001,0.755,0.95475,1.149,1.2915,1.86425,1.5545,0.613,0.75,0.6874999999999999,0.50775,0.52425,0.62325,0.7190000000000001,0.75075,0.8180000000000001,1.064,1.28225
,,,,,,,,0.255,0.26725,0.3205,0.42,0.494,0.529,0.56175,0.5485,0.6917500000000001,0.87725,1.21775,1.52325
0.19874999999999998,,0.22125,0.23024999999999998,0.28474999999999995,0.313,0.31925000000000003,0.353,0.44125,0.4325,0.44225,0.5920000000000001,0.663,0.715,0.6214999999999999,0.6057499999999999,0.6287499999999999,0.7175,0.877,1.0665
1.8587500000000001,1.16525,0.25775000000000003,0.68,0.8290000000000001,1.66025,2.1892500000000004,1.8175000000000001,0.6902499999999999,0.1565,0.535,0.69075,0.74175,1.00775,1.0519999999999998,0.8965000000000001,1.1065,1.3025,1.58575,1.8962500000000002
0.9512499999999999,0.96125,1.14275,1.34275,1.4994999999999998,1.65325,1.8709999999999998,1.96075,1.806,0.96875,0.95375,1.50025,1.738,2.018,2.04575,2.10975,2.137,2.197,2.8369999999999997,3.5565
0.4055,0.4965,0.617,0.601,0.6004999999999999,0.6745,0.82325,1.0595,1.342,1.4492500000000001,1.5465,1.9665,2.40425,2.674,2.942,3.30075,3.63175,4.086,5.0415,5.7615
,,,,,-0.05,0.1005,0.0455,-0.19125000000000003,-0.38874999999999993,0.23950000000000002,0.1725,-0.15575,-0.04449999999999999,0.6589999999999999,0.72975,0.005749999999999991,1.016,2.7125,1.5054999999999998
0.2155,0.29574999999999996,0.18524999999999997,0.22825,0.29925,0.39575000000000005,0.41375,0.33975,0.287,0.1095,0.22100000000000003,0.405,0.3534999999999999,0.4345,0.4125,0.3504999999999999,0.409,0.5125,0.649,0.6164999999999999
0.13675,0.11300000000000002,0.19599999999999998,0.22625,0.26625,0.20800000000000002,0.2425,0.361,0.193,0.24549999999999997,0.39499999999999996,0.50725,0.62,0.71525,0.8745,1.08225,1.3110000000000002,1.33825,1.3760000000000001,1.20725
0.07500000000000001,0.20550000000000002,0.05875000000000001,0.07025,0.14350000000000002,0.391,0.6519999999999999,0.6217499999999999,0.79225,0.57525,0.45075000000000004,0.55425,0.8445,0.84825,0.9017499999999999,0.37925000000000003,-0.14125000000000001,-0.07550000000000001,0.126,0.12874999999999998
,,,,,,,,,,,,,0.5025,0.55925,0.7344999999999999,0.96925,0.973,1.15925,1.2845
,,,0.09666666666666668,-0.0375,0.09,0.19333333333333333,0.36450000000000005,0.48875,0.52125,0.4995,0.59425,0.6935,0.6940000000000001,0.75275,0.8195,0.9345,1.03575,1.1775,1.27725
0.529,0.588,0.60875,0.6065,0.6535,0.6402499999999999,0.6990000000000001,0.845,0.9475,1.01775,1.1372499999999999,1.08025,1.13425,1.2115,1.27225,1.37375,1.5357500000000002,1.55625,1.8645,2.38975
,,,,,0.4,0.369,0.4255,0.514,0.5814999999999999,0.8342499999999999,1.0859999999999999,1.38775,1.0675,0.302,0.27,0.25575000000000003,0.35525,0.3535,0.34325
,,-0.015,0.0007499999999999998,0.018750000000000003,0.012,0.0215,0.029249999999999998,0.038500000000000006,0.0555,0.09324999999999999,0.15750000000000003,0.072,0.05825,0.159,0.16850000000000004,0.133,0.2825,0.696,1.24575
0.39266666666666666,0.444,0.532,0.5806666666666667,0.4225,0.39675,0.39125,0.36599999999999994,0.33399999999999996,0.2145,0.2195,0.33775,0.38149999999999995,0.43,0.4315,0.44725000000000004,0.28474999999999995,0.28350000000000003,0.33299999999999996,0.34025000000000005
0.06125,0.06625,0.074,0.08625,0.10325000000000001,0.1315,0.1555,0.176,0.20675000000000002,0.21750000000000003,0.228,0.2605,0.2955,0.31124999999999997,0.35574999999999996,0.40874999999999995,0.49849999999999994,0.50425,0.51225,0.598
,,,,,,,,,,,0.4505,0.4555,0.53,0.614,0.6857500000000001,0.724,0.6957500000000001,0.633,0.42575
0.9477500000000001,1.0387499999999998,0.8492500000000001,0.778,0.7035,0.885,1.0855,1.2372500000000002,1.4225,1.3202500000000001,1.425,1.693,1.677,1.74225,2.1195,2.377,2.59175,2.9745,3.75575,4.75725
0.08275,0.161,0.15475,0.14825000000000002,0.16549999999999998,0.2405,0.38875000000000004,0.65525,1.17075,1.0394999999999999,0.7725,0.97475,1.4495000000000002,1.5695,1.5387500000000003,1.1265,0.12074999999999998,-0.1055,0.08149999999999999,0.088
,,,,,0.2725,0.32325000000000004,0.45075,0.5449999999999999,0.6572500000000001,0.5327500000000001,0.23925000000000002,0.31999999999999995,0.31275,0.49575,0.17325,0.10274999999999998,0.13875,0.5295,0.9692500000000001
0.347,0.3426666666666667,0.312,0.391,0.39999999999999997,0.61975,0.81175,0.98475,1.02125,1.06275,0.842,1.17475,1.48425,1.44,1.61625,1.70625,1.401,1.5255,1.96475,2.5985
0.051,0.07225000000000001,0.018500000000000003,0.05425,0.09425,0.14875000000000002,0.19099999999999998,0.25375,0.29025,0.2515,0.32625,0.49349999999999994,0.58975,0.525,0.65525,0.68875,0.515,0.61725,0.788,1.0494999999999999
0.4885,0.57225,0.6025,0.5170000000000001,0.57475,0.638,0.72875,0.84575,0.99725,0.96675,0.835,0.776,0.747,0.8185000000000001,0.85925,0.9385,1.05875,1.1935,1.46775,1.7289999999999999
0.242,0.21050000000000002,0.13949999999999999,0.1605,0.25275000000000003,0.8550000000000001,0.9724999999999999,1.3150000000000002,1.594,0.9375,0.58475,0.6132500000000001,0.7549999999999999,0.68475,0.6970000000000001,0.7184999999999999,0.62625,0.93175,1.3542500000000002,1.47275
0.01975,0.0475,0.081,0.05875,0.038000000000000006,0.04525,0.123,0.21375,0.34,0.1395,0.0475,0.155,0.26425,0.258,0.20725,0.29625,0.329,0.6375000000000001,0.9977499999999999,1.55175
2.49,,6.98625,10.2375,15.030000000000001,22.66,25.5125,14.198,7.0,4.3995,8.962,9.06875,8.16775,12.665,17.38375,19.3215,27.204749999999997,31.700499999999998,44.1895,47.595
0.51625,0.45725000000000005,0.37425,0.45975000000000005,0.3845,0.35825,0.38725,0.4555,0.49575,0.31600000000000006,0.37424999999999997,0.43074999999999997,0.4315,0.46425,0.50275,0.549,0.653,0.76125,0.7145,0.46649999999999997
,,,,,,,,,,,,,0.185,0.07075000000000001,0.11,0.12875,0.09325,0.08225,0.06725
,,,,,,,,,,,,,0.185,0.07075000000000001,0.11,0.12875,0.09325,0.08225,0.06725
,,,,,0.27,0.4225,0.3025,0.34774999999999995,0.2515,0.25975000000000004,0.28250000000000003,0.27,0.24625000000000002,0.25875000000000004,0.2445,0.28425,0.311,0.32425000000000004,0.33774999999999994
0.144,0.22049999999999997,0.18524999999999997,0.19925,0.2515,0.29125,0.28725,0.25033333333333335,0.4796666666666667,0.358,0.3795,0.40825,0.45599999999999996,0.48550000000000004,0.475,0.43024999999999997,0.4345,0.52125,0.6234999999999999,0.76275
0.31633333333333336,0.34650000000000003,0.45133333333333336,0.46950000000000003,0.518,0.5950000000000001,0.6074999999999999,0.70625,0.8312499999999999,0.7320000000000001,0.6785,0.79025,0.9212499999999999,0.99275,1.0405000000000002,1.1280000000000001,1.1855,1.263,1.3912499999999999,1.4822499999999998
0.07275000000000001,0.10075,0.09575,0.099,0.12225,0.15225,0.1975,0.2375,0.3045,0.34075,0.393,0.507,0.59475,0.6695,0.7222500000000001,0.7170000000000001,0.63925,0.6452499999999999,0.7374999999999999,0.8454999999999999
0.14100000000000001,0.145,0.2005,0.232,0.274,0.322,0.4,0.44525000000000003,0.47425,0.47075,0.6487499999999999,0.87925,1.103,1.403,1.7277500000000001,2.1029999999999998,2.61925,3.08775,3.5722500000000004,4.440250000000001
0.23099999999999998,0.37125,0.261,0.33099999999999996,0.447,0.7916666666666666,1.338,1.2287499999999998,1.83675,1.2845,1.461,1.86775,2.1275000000000004,1.8555000000000001,1.8155000000000001,0.9577500000000001,0.12400000000000001,0.308,0.70225,1.11325
0.12125,0.16225,0.18575,0.18999999999999997,0.208,0.23525,0.297,0.347,0.38925000000000004,0.37725,0.3285,0.34225,0.37,0.39649999999999996,0.41800000000000004,0.45775,0.5025000000000001,0.5475,0.61,0.7050000000000001
0.10375000000000001,0.09575,0.06233333333333333,0.058499999999999996,0.06675,0.097,0.119,0.15750000000000003,0.19674999999999998,0.12825,0.10325,0.14725,0.20475,0.20174999999999998,0.2155,0.21625,0.23099999999999998,0.23725,0.304,0.35300000000000004
0.2685,0.129,0.11375,0.20425,0.42200000000000004,0.7330000000000001,0.8527499999999999,0.79525,0.9035000000000001,0.415,0.22825,0.629,0.8197500000000001,0.8025,0.9232499999999999,1.0815,1.0357500000000002,0.908,1.26075,1.5454999999999999
0.4013333333333333,0.479,0.512,0.489,0.47375,0.40125,1.05,1.539,1.1147500000000001,0.761,0.7705,0.66225,0.5705,0.5702499999999999,0.6135,0.68625,0.70225,0.7144999999999999,0.74625,0.84875
0.3425,0.40725,0.484,0.546,0.5935,0.6457499999999999,0.74325,0.8242499999999999,0.9337500000000001,0.96125,1.0474999999999999,1.1492499999999999,1.086,1.1025,1.1555,1.1917499999999999,1.20025,1.304,1.446,1.43925
0.258,0.32175,0.40349999999999997,0.45625,0.53,0.5275000000000001,0.49899999999999994,0.531,0.5965,0.516,0.5479999999999999,0.5447500000000001,0.5655,0.56675,0.5625,0.53475,0.5765,0.6367499999999999,0.711,0.752
,,0.551,0.581,0.66825,0.6785,0.78775,0.93275,1.054,0.796,0.684,0.73775,0.8005,0.8230000000000001,0.9652499999999999,1.09925,1.1007500000000001,1.2117499999999999,1.4015,1.428
0.36925,0.38575000000000004,0.4355,0.502,0.56725,0.64775,0.65025,0.75425,0.86275,0.9069999999999999,0.869,0.9715,0.95375,0.9475,1.05,1.0374999999999999,0.8735,0.9397500000000001,1.03,1.0939999999999999
0.07525,0.06649999999999999,0.158,0.238,0.35050000000000003,0.4345,0.4425,0.45425,0.34475,0.33075000000000004,0.35725,0.38175,0.38849999999999996,0.359,0.39874999999999994,0.45425000000000004,0.50125,0.52825,0.81,1.2349999999999999
0.5287499999999999,0.49650000000000005,0.292,0.29125,0.39549999999999996,0.683,0.87225,1.04475,1.31175,0.7645,0.5782499999999999,1.4095,1.7429999999999999,1.6444999999999999,1.6055,1.7845,1.4707499999999998,1.7595,2.4015,2.7714999999999996
0.27399999999999997,0.4136666666666667,0.4145,0.5055,0.78025,1.1332499999999999,1.39475,0.4093333333333333,-0.04566666666666667,-0.47333333333333333,-0.12774999999999997,-0.003000000000000001,0.05075,0.3045,0.29600000000000004,0.34950000000000003,0.38849999999999996,0.5690000000000001,0.755,0.86875
,,,,,,0.27225,0.40499999999999997,0.45425,0.23225,0.36724999999999997,0.52325,0.517,0.7542500000000001,1.0642500000000001,1.3007499999999999,1.17425,1.4435,1.8992499999999999,2.12025
0.28800000000000003,0.357,0.274,0.15833333333333333,0.20550000000000002,0.28225,0.3223333333333333,0.35150000000000003,0.36424999999999996,0.3515,0.35425,0.41825,0.50325,0.5765,0.6247499999999999,0.679,0.6995,0.744,0.8912500000000001,1.0255
,,,,,,0.6166666666666667,0.64375,0.6317499999999999,0.18625,-0.096,-0.049,-0.0225,0.028,0.07375,0.131,0.19325,0.3486666666666667,0.4019999999999999,0.46124999999999994
,,,,,,,,0.778,0.85,0.94675,1.1047500000000001,1.29725,1.44625,1.3675,1.154,1.16925,1.25825,1.35,1.314
1.07925,1.1515,1.13025,1.0085,1.0375,1.0627499999999999,1.2197500000000001,1.39975,1.3627500000000001,0.8632499999999999,0.9032500000000001,1.3984999999999999,1.5499999999999998,1.639,1.71675,1.80125,1.855,1.96,2.5177500000000004,2.8657500000000002
0.45775,0.35575,0.35775,0.37925,0.41325,0.525,0.5756666666666667,0.527,0.5825,0.5125,0.4615,0.5825,0.678,0.8134999999999999,1.012,1.061,1.0452500000000002,0.92625,0.886,0.636
0.931,1.01,1.01375,0.7995,0.69825,0.8075000000000001,0.9083333333333333,0.787,0.66625,0.6337499999999999,0.8295,0.7927500000000001,0.846,0.8859999999999999,0.93775,0.9535,1.01675,1.04425,1.16425,1.2337500000000001
0.544,0.47825000000000006,0.36424999999999996,0.40525,0.48050000000000004,0.5855,0.6427499999999999,0.66825,0.7095,0.5065,0.45925,0.7194999999999999,0.929,0.9772500000000001,1.17875,1.423,1.59575,1.5960000000000003,1.6515,1.65225
0.2993333333333333,0.45775,0.501,0.45525,0.46974999999999995,0.5135,0.55175,0.5807500000000001,0.6315,0.4645,0.8116666666666666,0.66125,0.5995,0.57925,0.5485,0.57925,0.5902499999999999,0.55825,0.56375,0.60425
0.073,0.0975,0.14625000000000002,0.15375000000000003,0.1895,0.25625000000000003,0.17875000000000002,0.2285,0.3545,0.46125,0.605,0.9240000000000002,1.17425,1.401,1.5205,1.874,2.3672500000000003,1.52725,1.3407499999999999,1.138
,,0.5894999999999999,0.5833333333333334,0.8376666666666667,1.1360000000000001,1.3817500000000003,1.701,1.9855,1.5322500000000001,1.3755000000000002,1.62825,1.7665,1.96575,2.29175,2.4615,2.491,2.6014999999999997,2.948,3.22875
,,,,,,0.2866666666666667,0.26325,0.47075,0.55025,0.61225,0.7445,0.9884999999999999,1.151,1.2854999999999999,1.39875,1.692,1.8362500000000002,1.867,1.859
,,,,,,,,,,,,0.9690000000000001,1.7040000000000002,1.71725,1.7025,1.67875,1.2520000000000002,1.771,2.32275
0.1455,0.251,0.21275000000000002,0.251,0.219,0.26075,0.46524999999999994,0.61075,0.75925,0.7175,0.59975,0.89625,1.25775,1.565,1.6015000000000001,1.78125,1.64975,1.5785,1.9035,2.3095
,,,,,0.06,0.13266666666666668,0.20933333333333334,0.26733333333333337,0.28425,0.27225,0.28125,0.28675,0.36975,0.48475,0.5854999999999999,0.46299999999999997,0.47625,0.6950000000000001,0.7495
0.12225,0.4345,0.234,0.6812499999999999,0.6120000000000001,0.70175,0.8054999999999999,0.72375,0.90825,0.47450000000000003,0.456,0.811,1.2887500000000003,1.2349999999999999,1.40675,0.8057500000000001,-0.031749999999999994,0.3415,1.1995,2.314
,,,,,,,,,,,,,,,,0.37575,0.435,0.5662500000000001,0.7152499999999999
0.12475,0.14400000000000002,0.12475,0.14500000000000002,0.19975,0.2995,0.3745,0.44375,0.5215000000000001,0.496,0.56425,0.68875,0.877,1.05325,1.2919999999999998,1.2317500000000001,1.0485,1.1012499999999998,0.8225,0.91825
,,,,,,,,,,,,,,,1.0135,1.01025,1.13125,1.223,1.28225
0.62175,0.5999999999999999,0.28850000000000003,0.456,0.549,0.6964999999999999,0.8079999999999999,1.023,0.7107499999999999,0.4515,0.44900000000000007,0.796,0.6745,0.669,0.87925,1.279,1.5755,1.64225,2.2224999999999997,2.4612499999999997
,,,,,,3.0380000000000003,3.1100000000000003,3.2110000000000003,2.98325,2.9235,3.0245,2.97875,3.5074999999999994,4.317,4.59225,4.5032499999999995,4.68575,5.3955,5.96625
,,,,,,0.45699999999999996,0.67125,0.8055,0.41500000000000004,0.1335,0.12125,0.1405,0.1825,0.17775000000000002,0.2375,0.32075,0.38625,0.35949999999999993,0.49725
,,,,,,-0.6525000000000001,-0.41675,-0.43724999999999997,-0.263,-0.36650000000000005,-0.43074999999999997,-0.2275,1.3845,2.49925,2.78325,3.1455,3.46775,4.3515,5.6072500000000005
0.5115,0.48075,0.52675,0.57925,0.6084999999999999,0.6352500000000001,0.656,0.7114999999999999,0.6012500000000001,-0.048499999999999995,-0.165,0.012750000000000001,0.12025,0.198,0.2145,0.20975,0.20900000000000002,0.239,0.315,0.39299999999999996
0.21525,0.25975000000000004,0.1445,0.064,0.10300000000000001,0.2685,0.386,0.47775,0.47125,0.1695,0.11449999999999999,0.23625000000000002,0.349,0.44625,0.52425,0.65875,0.7582500000000001,0.69725,0.789,0.97875
0.225,0.258,0.23866666666666667,0.16549999999999998,0.24024999999999996,0.32075,0.3995,0.49774999999999997,0.55325,0.38325000000000004,0.39649999999999996,0.5755,0.64725,0.747,0.77925,0.91025,0.9289999999999999,1.1395,1.5952499999999998,1.8250000000000002
0.35999999999999993,0.41525,0.42400000000000004,0.4515,0.46025,0.589,0.7434999999999999,0.8175,0.8305,0.8112499999999999,0.862,1.16625,1.55775,1.85325,2.0685,1.9067500000000002,1.422,1.254,1.3827500000000001,1.639
0.04175,0.053,0.0665,0.079,0.10074999999999999,0.12275,0.15975,0.19599999999999998,0.19274999999999998,0.229,0.28300000000000003,0.391,0.39875000000000005,0.53375,0.626,0.6222500000000001,0.6697500000000001,0.6932499999999999,0.7965,0.8847500000000001
0.859,0.7417500000000001,0.20224999999999999,0.27175,0.36175,0.573,0.7755000000000001,0.953,1.058,0.59575,0.525,1.0425,1.3307499999999999,1.381,1.56775,1.6440000000000001,1.51,1.51075,1.8975000000000002,2.25
,-0.004,,,0.026500000000000003,,0.043500000000000004,0.04675000000000001,0.053750000000000006,0.055,0.065,0.07225000000000001,0.0835,0.09475,0.10325000000000001,0.11800000000000002,0.12925,0.14250000000000002,0.1735,0.196
,,,,0.36333333333333334,0.42600000000000005,0.6183333333333333,0.646,0.8062500000000001,0.74025,0.7367499999999999,0.9864999999999999,1.1909999999999998,1.5333333333333334,1.5585,1.7277500000000001,1.8384999999999998,2.05625,2.67425,3.1057500000000005
0.052250000000000005,0.056,0.05900000000000001,0.07875000000000001,0.092,0.07575,0.08625000000000001,0.10625000000000001,0.1195,0.14500000000000002,0.2225,0.28975,0.359,0.44399999999999995,0.47950000000000004,0.52775,0.601,0.6799999999999999,0.7892500000000001,1.02725
0.2185,0.23725,0.237,0.26333333333333336,0.265,0.2896666666666667,0.3293333333333333,0.36550000000000005,0.44749999999999995,0.41000000000000003,0.4295,0.48675,0.5095,0.48,0.504,0.50625,0.5427500000000001,0.592,0.7077500000000001,0.8230000000000001
0.5952500000000001,0.436,0.47750000000000004,0.47575,0.37225,0.469,0.6355,0.7595000000000001,0.9770000000000001,1.1677499999999998,1.2565,1.2650000000000001,1.2967499999999998,1.3347499999999999,1.621,1.7422499999999999,1.847,1.8642500000000002,2.3072500000000002,2.92425
,,,,,-0.21,-0.1235,-0.09225,-0.09425000000000001,-0.10525000000000001,-0.183,-0.19700000000000004,-0.14025,-0.12250000000000001,-0.006749999999999999,0.09025,0.1765,0.281,0.26249999999999996,0.31
0.021500000000000002,0.028,0.03275,0.040999999999999995,0.053000000000000005,0.07300000000000001,0.08675000000000001,0.11124999999999999,0.123,0.10825000000000001,0.12875,0.18125000000000002,0.23174999999999998,0.26899999999999996,0.33275,0.3975,0.47825,0.537,0.59275,0.66175
0.13975,0.15325,0.10825000000000001,0.09425,0.118,0.1295,0.1805,0.23324999999999999,0.2785,0.22425,0.185,0.195,0.18175000000000002,0.18874999999999997,0.22975,0.2785,0.32,0.396,0.5587500000000001,0.6905
0.2725,0.26525,0.293,0.3123333333333333,0.3645,0.3793333333333333,0.4046666666666667,0.44966666666666666,0.4445,0.37525,0.40874999999999995,0.45749999999999996,0.45525000000000004,0.32425000000000004,0.391,0.51975,0.68125,0.6559999999999999,0.62325,0.6945
0.5,0.5252500000000001,0.49024999999999996,0.5565,0.627,0.743,0.9089999999999999,1.149,1.3196666666666668,1.01975,1.07575,1.238,1.4184999999999999,2.02225,2.18175,2.818,3.141,3.4392500000000004,4.6395,5.4175
0.40025,0.63425,0.3895,0.30574999999999997,0.38925,0.5700000000000001,0.6877500000000001,0.73975,0.7969999999999999,0.41175,0.37999999999999995,0.6437499999999999,0.814,0.9207500000000001,1.147,1.43025,1.778,2.11,3.3497500000000002,5.02775
0.34900000000000003,0.35266666666666663,0.35633333333333334,0.48550000000000004,0.579,0.6455000000000001,0.68975,0.69075,0.78225,0.815,0.9162499999999999,1.1320000000000001,1.219,1.25225,1.4080000000000001,1.3499999999999999,1.39575,1.8489999999999998,1.966,2.0035
0.17525000000000002,0.23225,0.22324999999999998,0.20425000000000001,0.251,0.33025000000000004,0.594,0.9474999999999999,1.23475,0.8899999999999999,0.7130000000000001,0.9822500000000001,1.18525,1.206,1.45675,1.073,0.5167499999999999,0.42574999999999996,0.53925,0.44599999999999995
0.63225,0.7255,0.83025,0.8865000000000001,0.93825,1.02,,0.7789999999999999,0.5700000000000001,0.367,0.10999999999999999,0.12000000000000001,0.13075,0.24,0.32,0.42625,-0.04250000000000001,-0.31550000000000006,0.38875,0.47
0.8083333333333332,0.6345000000000001,0.523,0.5219999999999999,0.51575,0.41725,0.47400000000000003,0.6332500000000001,0.93825,0.9557500000000001,0.64575,0.981,1.26175,1.4192500000000001,1.6262499999999998,1.98625,2.2662500000000003,2.51975,2.824,3.11175
,,,,,,0.14275,0.2855,0.3785,0.389,0.39749999999999996,0.425,0.483,0.55875,0.6287499999999999,0.6565,0.73175,0.70175,0.7912499999999999,1.02175
0.508,0.5066666666666667,0.42424999999999996,0.46449999999999997,0.484,0.5365,0.544,0.55175,0.5755,0.59125,0.60075,0.6455,0.689,0.6957500000000001,0.6772499999999999,0.716,0.74325,0.746,0.7307500000000001,0.75
,,,,,0.54,0.33825,0.47125000000000006,0.4895,0.45799999999999996,0.48725,0.614,0.7982499999999999,0.8812500000000001,1.06,1.33075,1.4575,1.6929999999999998,1.7315,1.8324999999999998
0.39999999999999997,0.5095000000000001,0.35075,0.4079999999999999,0.43825,0.6503333333333333,0.7086666666666667,0.7180000000000001,0.7542500000000001,0.601,0.65825,0.7044999999999999,0.8165000000000001,0.7529999999999999,0.9410000000000001,1.103,1.2585,1.48225,1.9985,2.31575
0.45899999999999996,0.5665,0.68775,0.74275,0.669,0.7657499999999999,0.921,0.94125,0.9784999999999999,1.1604999999999999,1.1447500000000002,1.09575,1.068,1.1135000000000002,1.1277499999999998,1.1815,1.31975,1.268,1.4132500000000001,1.4275
1.09875,1.19025,1.251,1.2242499999999998,1.26125,1.38025,1.4865,1.5347500000000003,1.221,0.06349999999999999,-0.3275,0.22,0.46324999999999994,0.673,0.7495,0.805,0.859,0.9592499999999999,1.20575,1.44325
0.42874999999999996,0.514,0.56075,0.5655,0.6687500000000001,0.702,0.7969999999999999,0.92825,1.1872500000000001,1.0847499999999999,0.9550000000000001,0.919,0.9995,1.1085,1.274,1.3079999999999998,1.2742499999999999,1.417,1.8635000000000002,1.7810000000000001
,,,0.28,0.2505,0.28175000000000006,0.49750000000000005,0.361,0.6170000000000001,-0.065,0.7092499999999999,0.32325000000000004,1.467,1.31725,1.2534999999999998,1.157,0.5815,0.979,1.1915,1.097
0.13025,0.159,0.194,0.24825,0.30625,0.327,0.384,0.4215,0.32225000000000004,0.39199999999999996,0.37124999999999997,0.4285,0.48350000000000004,0.48275,0.7364999999999999,1.04025,1.25275,1.564,1.9445,2.20075
0.54225,0.62625,0.688,0.6975,0.64125,0.835,0.9753333333333334,1.0099999999999998,1.08175,0.6973333333333334,0.7505,1.252,1.5060000000000002,1.5105,1.4180000000000001,1.5455,1.6170000000000002,1.8170000000000002,2.14075,2.18925
,,,,,0.08,0.06575,0.10475,0.15375,0.15375,0.2475,0.4295,0.47525,0.5385,0.6795,1.16525,1.4307500000000002,1.5390000000000001,1.7879999999999998,1.68875
,,,,,,,,,,,,,,,0.63525,0.6980000000000001,0.7665000000000001,0.84125,1.07775
0.13825,0.16599999999999998,0.20425000000000001,0.26325,0.33725,0.4315,0.51525,0.6054999999999999,0.72,0.7945,0.8182499999999999,0.9204999999999999,1.03425,1.096,1.21375,1.29825,1.42375,1.60875,1.77175,2.0225
0.061,0.08225,0.0695,0.0925,0.13125,0.20675,0.237,0.23024999999999998,0.26975,0.34125,0.35575,0.33099999999999996,0.386,0.37725,0.41000000000000003,0.44375,0.32675,0.25325,0.39125,0.36024999999999996
0.157,0.20175,0.24924999999999997,0.2935,0.34475,0.37200000000000005,0.3655,0.3875,0.43475,0.4355,0.46224999999999994,0.49075,0.4845,0.47350000000000003,0.4425,0.45875,0.487,0.5894999999999999,0.73325,0.8562500000000001
0.59875,0.64525,0.6227499999999999,0.43399999999999994,0.3685,0.35524999999999995,0.45300000000000007,0.801,0.7759999999999999,0.6337499999999999,0.5577500000000001,0.6132500000000001,0.59775,0.6232499999999999,0.679,0.6505,0.7142499999999999,0.735,0.79725,0.91475
0.35775000000000007,0.42700000000000005,0.45375,0.629,0.6525,0.6564999999999999,0.544,0.65825,0.82975,0.8435000000000001,0.911,0.9400000000000001,0.937,1.0222499999999999,1.04875,1.0055,0.88075,1.51375,1.282,1.20725
,,,,,,0.34,0.476,0.6465,0.7275,0.8035000000000001,0.99825,1.4705,1.82725,1.87425,2.15675,2.71225,3.104,3.58875,4.168
,,,,,,,,0.6132500000000001,0.31074999999999997,0.45125000000000004,0.7639999999999999,0.7915000000000001,0.8267500000000001,0.94025,1.0155,1.02875,1.0675,1.2885,1.4155000000000002
0.7060000000000001,0.8015,0.8007500000000001,0.8085,0.7769999999999999,0.8975,1.1466666666666667,1.0325000000000002,1.0202499999999999,1.018,1.0110000000000001,1.1,1.128,1.21875,1.4002500000000002,1.643,1.8354999999999997,2.03775,2.4479999999999995,2.87925
0.30525,0.3385,0.382,0.43900000000000006,0.499,0.5529999999999999,0.66675,0.7987500000000001,0.83975,0.6925,0.732,0.96625,1.009,1.16825,1.07,0.8545,1.133,1.1655,1.08575,1.35825
0.21675,0.29475,0.28049999999999997,0.30525,0.34299999999999997,0.386,0.38175000000000003,0.46325000000000005,0.542,0.49775,0.47424999999999995,0.66025,0.82775,0.85375,0.839,0.973,0.9369999999999999,0.8625,0.9909999999999999,1.0547499999999999
0.0495,0.0575,0.06125,0.06775,0.07775,0.08499999999999999,0.088,0.10025,0.1215,0.1215,0.17450000000000002,0.21775,0.25025000000000003,0.3185,0.35425,0.39575,0.40275,0.42674999999999996,0.48950000000000005,0.58125
0.22999999999999998,0.2333333333333333,0.2595,0.2865,0.31525000000000003,0.37925,0.405,0.58475,0.7725000000000001,0.8395,0.84,1.03475,1.195,1.33875,1.6647500000000002,1.924,2.03475,2.2975000000000003,2.681,3.0645
,,,,,,,0.174,0.26675,0.3235,0.26925,0.49450000000000005,0.41075,0.28025000000000005,0.16249999999999998,0.244,0.34775,0.43574999999999997,0.7447499999999999,0.965
,0.055,0.05650000000000001,0.08925000000000001,0.15275,0.23675,0.3115,0.41575,0.508,0.49324999999999997,0.5295,0.69,0.8625,0.93525,0.75875,0.4385,0.47150000000000003,0.5335,0.57925,0.6487499999999999
,,,,,,,,,,,,0.3876666666666666,0.42425,0.55575,0.6192500000000001,0.5565,0.3615,0.297,0.48274999999999996
0.25125,0.245,0.21375,0.19925,0.29225,0.36374999999999996,0.45375,0.5700000000000001,0.6615,0.4145,0.59325,0.7630000000000001,0.81625,0.9492499999999999,1.0835,1.223,1.165,1.2135,1.62,1.8287499999999999
,,,,,1.147,1.2585,1.4117499999999998,1.5237499999999997,1.3895,1.4355000000000002,1.5175,1.46075,1.7545000000000002,2.078,2.3325,2.44625,2.42425,2.54875,2.7915
0.018500000000000003,0.045,0.0575,0.06975,0.10900000000000001,0.12425,0.15350000000000003,0.1605,0.16775,0.16975,0.21100000000000002,0.3265,0.4415,0.55825,0.6545,0.76575,0.87775,0.8792500000000001,0.94925,1.197
,,,,,0.39649999999999996,0.21275,0.1395,0.164,0.16175,0.3225,0.40475000000000005,0.51825,0.48775,0.7217500000000001,0.8732500000000001,0.91225,1.18725,1.5635000000000001,1.54025
,,,,,0.78,0.10875,0.23825,0.344,0.37825000000000003,-0.21325,-0.0305,-0.196,-0.012500000000000011,0.6575,0.2355,0.31875,0.37475,0.638,1.1207500000000001
,,,,,,,,,,,,,,0.011666666666666667,0.09575,0.1265,0.11800000000000001,0.14150000000000001,0.22224999999999998
0.288,0.2555,0.053000000000000005,0.1045,0.22475,0.28675,0.40875,0.4455,0.515,0.22825,0.49475,0.64225,0.5105000000000001,0.47824999999999995,0.60375,0.74575,0.76625,0.9390000000000001,1.2525,1.3820000000000001
0.589,0.63525,0.39049999999999996,0.36450000000000005,0.4256666666666667,0.4985,0.63825,0.7913333333333332,1.0376666666666665,0.50625,0.188,0.303,0.44975,0.57425,0.57125,0.6397499999999999,0.705,0.7085,0.7632499999999999,0.9355
,,,,,,,,,,,,,,,,,0.2425,0.057499999999999996,0.10833333333333334
,,,,,,0.026500000000000003,0.0305,0.05,0.03075,0.0335,0.05374999999999999,0.07874999999999999,0.09675,0.119,0.1535,0.1615,0.1405,0.057,0.09050000000000001
,,,,,,0.45999999999999996,0.531,-0.44475,0.014499999999999902,0.03975000000000006,1.2085000000000001,1.3515000000000001,1.06075,1.1305,2.1792499999999997,2.13475,1.7825,1.81325,2.6115
,,,,,,0.07325000000000001,-0.0010000000000000007,-0.056249999999999994,-0.12675,-0.16775,-0.12325,-0.0685,-0.01025,0.028999999999999998,0.02575,0.06725,0.05775,0.068,0.0895
0.17700000000000002,0.23299999999999998,0.307,0.3965,0.41375,0.38525,0.36224999999999996,0.38125000000000003,0.439,0.50175,0.6427499999999999,0.881,1.13875,1.141,1.32,1.61775,1.8562500000000002,2.02475,2.2185,2.5525
,,,,,,,,0.226,0.1,0.127,0.25825,0.4215,0.644,0.7729999999999999,0.9175,1.1600000000000001,1.54975,2.00725,2.6510000000000002
0.115,0.15725,0.218,0.31775000000000003,0.4575,0.59675,0.7462500000000001,0.86425,0.9624999999999999,0.76675,0.7785,0.9510000000000001,1.219,1.4417499999999999,1.43725,1.5152499999999998,1.9485000000000001,2.3575,2.9405,3.65825
0.75825,0.6726666666666666,0.665,0.5005000000000001,0.42899999999999994,0.4463333333333333,0.45099999999999996,0.45625,0.5912499999999999,0.6392499999999999,0.6807500000000001,0.7422500000000001,0.795,0.81375,0.88225,0.9257499999999999,0.95375,1.0277500000000002,1.198,1.3632499999999999
0.28049999999999997,0.302,0.2876666666666667,0.29575,0.29674999999999996,0.2475,0.3035,0.41974999999999996,0.517,0.5722499999999999,0.53625,0.81325,0.99325,1.19225,1.3507500000000001,1.59875,1.44175,1.40625,1.76075,2.262
0.6043333333333333,0.63275,0.5680000000000001,0.6032500000000001,0.7132499999999999,0.8394999999999999,0.9902500000000001,1.0642500000000001,1.06225,0.7882499999999999,0.73325,1.0747499999999999,1.22875,1.286,1.3347499999999999,1.3407499999999999,1.46125,1.4997500000000001,1.70375,1.94275
0.7085,0.588,0.46599999999999997,0.264,0.4033333333333333,0.42324999999999996,0.6653333333333332,0.7863333333333333,0.649,0.23675,-0.10974999999999999,0.5513333333333333,0.7035,1.166,1.52325,2.08275,2.03975,2.25275,3.38,4.7235
0.38175000000000003,0.44799999999999995,0.46275,0.50075,0.54575,0.604,0.64225,0.688,0.66075,0.37575000000000003,0.3735,0.5235,0.6649999999999999,0.7575,0.7907500000000001,0.813,0.8414999999999999,0.86675,0.98025,1.0815
0.43249999999999994,0.511,0.512,0.5845,0.6405,0.773,0.88225,1.02225,1.22275,1.177,1.1804999999999999,1.3545,1.4100000000000001,1.51525,1.741,1.78025,1.64425,1.6452499999999999,1.7155,1.97275
,,,,,,,,0.1165,0.167,0.2295,0.29824999999999996,0.3645,0.45175,0.5489999999999999,0.6617500000000001,0.7095,0.81125,1.065,1.32925
0.0865,0.10724999999999998,0.15325,0.2005,0.27275,0.3515,0.43374999999999997,0.491,0.52325,0.62975,0.71225,0.8384999999999999,1.007,1.0437500000000002,1.11225,1.1205,1.1510000000000002,1.11325,1.08425,1.20475
0.1965,0.21575,0.191,0.22575,0.23025,0.29866666666666664,0.315,0.34675,0.38025,0.3675,0.36350000000000005,0.44525000000000003,0.60475,0.6837500000000001,0.77625,0.83625,0.8640000000000001,0.8089999999999999,0.65,0.82875
,,,,,0.475,0.49524999999999997,0.6265,0.685,0.57625,0.547,0.8534999999999999,1.1187500000000001,1.2635,1.4117500000000003,1.55225,1.40775,1.02325,1.0035,1.0095
0.15475,0.2705,0.3245,0.32325,0.3725,0.63025,1.7045,1.857,1.986,0.7745,0.34575,0.6837500000000001,1.0270000000000001,1.3224999999999998,1.33875,1.5202499999999999,1.7782499999999999,1.2785,1.7422500000000003,2.1715
0.7324999999999999,0.9026666666666667,0.65325,0.5162500000000001,0.8203333333333332,0.9415,1.2633333333333334,1.38075,1.1547500000000002,0.4225,0.14875,-0.08725000000000001,-0.11575,0.03375000000000001,0.1925,0.50375,0.8495,1.0495,1.07375,1.2195
0.85575,0.9457500000000001,1.0474999999999999,1.0375,1.154,1.20825,0.77,0.61,0.6133333333333333,0.39999999999999997,0.40249999999999997,0.56925,0.46199999999999997,0.49175,0.365,0.532,0.45175,0.49149999999999994,0.3615,0.393
,,,,,,,,,,0.3363333333333333,0.39525,0.491,0.5785,0.6144999999999999,0.6985,0.8015000000000001,0.83025,0.9552499999999999,1.116
0.02575,0.132,0.2435,0.15100000000000002,0.15125000000000002,0.2295,0.269,0.28375,0.30675,0.33299999999999996,0.35524999999999995,0.3685,0.46275,0.5555,0.6632500000000001,0.7745,0.86025,0.9590000000000001,1.1015,1.2995
-0.2315,-0.25833333333333336,-0.31466666666666665,-0.429,-0.49425,-0.3746666666666667,-0.44425000000000003,-0.6240000000000001,-0.8045,-0.8095,-0.8210000000000001,-0.37424999999999997,0.89025,-0.06225,-0.45125,-0.14875,0.5375,0.43599999999999994,0.7402500000000001,1.0579999999999998
,,,,,,,0.325,0.22799999999999998,0.324,0.34850000000000003,0.37725,0.34450000000000003,0.35274999999999995,0.42500000000000004,0.4375,0.39325,0.639,0.5035000000000001,0.34625
0.829,0.8006666666666667,0.80525,0.7070000000000001,0.60775,0.6505,0.6545,0.6225,0.67425,0.65625,0.5954999999999999,0.569,0.62825,0.6990000000000001,0.88725,0.9352500000000001,1.003,0.9917499999999999,1.0635,1.17975
0.25675000000000003,0.15366666666666667,0.08666666666666667,0.07700000000000001,0.1015,0.146,0.21533333333333335,0.26575,0.3205,0.3455,0.32675,0.38125,0.54825,0.738,0.8634999999999999,1.03175,1.1285,1.09875,1.0065,1.08875
0.27499999999999997,0.324,0.3645,0.3575,0.42574999999999996,0.5195,0.5680000000000001,0.6655,0.81075,0.83075,0.9545000000000001,1.1637499999999998,1.3304999999999998,1.34325,1.40725,1.44025,1.59775,1.7967499999999998,2.06175,2.3515
0.1815,0.214,0.24875,0.28125,0.321,0.37575,0.43274999999999997,0.502,0.554,0.531,0.55875,0.6235,0.6765,0.833,0.8617499999999999,0.8637499999999999,1.11625,1.27175,1.41925,1.5715
,,,,,0.3895,0.6365000000000001,1.05625,1.3322500000000002,0.77525,0.60075,0.754,1.092,1.2800000000000002,1.2422499999999999,0.83125,1.11025,1.59475,2.1727499999999997,3.3737500000000002
,,,,,0.25,0.33375,0.44400000000000006,0.88175,0.39425,1.29,0.6705000000000001,1.4175,1.91725,1.9267500000000002,1.90825,1.2674999999999998,2.02125,3.48425,1.3045000000000002
0.24833333333333332,0.26366666666666666,0.26499999999999996,0.28150000000000003,0.2793333333333333,0.3,0.3045,0.295,0.358,0.37525,0.48124999999999996,0.4915,0.5680000000000001,0.62975,0.63375,0.69,0.75675,0.7942499999999999,0.74725,0.8345000000000001
,,,,,,0.54,0.5075,0.36424999999999996,0.409,0.4175,0.35350000000000004,0.29000000000000004,0.29325,0.211,0.40325,0.49824999999999997,0.52825,0.454,0.44475000000000003
0.3195,0.3544999999999999,0.39525,0.4575,0.512,0.573,0.62725,0.68625,0.65,0.38675,0.45025000000000004,0.6880000000000001,0.8122499999999999,0.901,0.999,1.0474999999999999,1.0675,1.03475,1.1287500000000001,1.235
1.5895000000000001,1.35175,1.458,1.53,1.5395,1.5625000000000002,1.71325,2.221,2.22375,1.2189999999999999,1.6555,2.661,1.6470000000000002,2.2337499999999997,3.1185,3.5004999999999997,3.729,4.0802499999999995,3.998,3.8237500000000004
,,0.8300000000000001,1.3445,1.7810000000000001,1.7542499999999999,1.5862500000000002,1.7375,1.914,1.8535,1.8372499999999998,1.93925,1.97425,1.7872500000000002,1.8772499999999999,1.7839999999999998,2.07475,2.11625,2.801,2.72225
,,,,,0.38,0.4533333333333333,0.5042500000000001,0.56725,0.56225,0.5442499999999999,0.5932499999999999,0.5845,0.5505,0.5802499999999999,0.6289999999999999,0.69825,0.7845,0.94225,1.0817500000000002
0.14533333333333334,0.4093333333333333,0.5793333333333334,0.028333333333333332,0.10325000000000001,0.20049999999999998,0.25525,0.3655,0.495,0.364,0.34125,0.35075,0.39775000000000005,0.26175,0.31174999999999997,0.251,0.23199999999999998,0.2205,0.20625,0.24825
0.3015,0.35424999999999995,0.37675000000000003,0.44100000000000006,0.50725,0.5927500000000001,0.6575,0.7107500000000001,0.7827500000000001,0.8350000000000001,0.8899999999999999,1.0055,1.11525,1.21375,1.27725,1.2570000000000001,1.15175,1.03675,1.095,1.1727500000000002
,,,,,,,,,,,,,,,0.87,0.757,0.7335,0.982,1.15825
,,,,,,,0.27375,0.31900000000000006,0.33275,0.344,0.37525000000000003,0.43525,0.38649999999999995,0.36849999999999994,0.4065,0.42200000000000004,0.4375,0.4575000000000001,0.47250000000000003
0.44575,0.3395,0.17675000000000002,0.234,0.29200000000000004,0.50025,0.387,0.33949999999999997,0.17675,-0.11424999999999999,-0.044,0.14100000000000001,0.11425,0.23249999999999998,0.351,0.39725,0.33925,0.27099999999999996,0.33199999999999996,0.2695
,,,,,0.14300000000000002,0.22425,0.5862499999999999,0.7645000000000001,0.34349999999999997,0.207,0.74525,1.496,1.557,1.9707499999999998,1.70775,0.7472500000000001,1.0967500000000001,1.7537500000000001,1.73225
,,,0.36125,0.48575,0.8545,1.18975,1.07125,1.2945,0.9477500000000001,1.31275,1.73075,1.448,1.2407500000000002,1.5482500000000001,0.6677500000000001,0.16125,1.02325,1.6092499999999998,1.738
0.685,0.5433333333333333,0.665,0.29175,0.3325,0.3195,0.3183333333333333,0.37166666666666665,0.39666666666666667,0.39925000000000005,0.40225,0.43125,0.46625000000000005,0.47924999999999995,0.48774999999999996,0.53425,0.5337500000000001,0.5695,0.59375,0.64975
0.17775000000000002,0.27925,0.058499999999999996,0.1185,0.18175000000000002,0.22625,0.24175000000000002,0.26225,0.31799999999999995,0.3135,0.31075,0.554,0.43425,0.41875,0.52475,0.57075,0.5045,0.5345,0.762,0.9199999999999999
0.422,0.53425,0.5255,0.50125,0.57725,0.931,1.395,1.61475,2.10675,1.5555,1.501,1.8242500000000001,2.0955,2.016,1.93,1.35475,0.8560000000000001,1.026,1.1367500000000001,1.2205
0.16050000000000003,0.17475,0.222,0.2565,0.29274999999999995,0.327,0.36175,0.3995,0.46799999999999997,0.49875,0.499,0.49675,0.5695,0.605,0.63325,0.6665,0.69525,0.8065,0.7302500000000001,0.58
,,,,,,1.0976666666666668,1.1500000000000001,1.3104999999999998,0.8915,0.7637500000000002,1.0982500000000002,1.16275,1.1107500000000001,1.11625,1.11375,1.0972499999999998,0.97675,0.9077499999999998,0.9052499999999999
,,,,,,,,,,,,0.5016666666666666,0.50525,0.5109999999999999,0.516,0.515,0.5815,0.7155,0.84875
0.1975,0.2075,0.21875,0.25825,0.28375,0.333,0.362,0.4085,0.46375,0.5315,0.6007499999999999,0.714,0.8140000000000001,0.8745,0.924,0.9299999999999999,0.9145,0.7787499999999999,0.81125,0.9517500000000001
,,0.28099999999999997,0.38725,0.52675,0.7255,0.9095,1.0034999999999998,1.0815000000000001,1.04125,1.06925,1.17925,1.3205,1.44125,1.54875,1.7985000000000002,1.97025,2.17175,2.0397499999999997,1.9980000000000002
0.7867500000000001,0.806,0.91375,0.9942500000000001,1.1277500000000003,1.24475,1.3932499999999999,1.51,1.233,0.06350000000000001,-0.53325,0.060750000000000005,0.38825,0.43075,0.45799999999999996,0.41775,0.483,0.5982500000000001,0.86175,1.08775
,,,,,,,,,,,,,0.34349999999999997,0.38925,0.42474999999999996,0.45425000000000004,0.5994999999999999,0.71875,0.8615
