firm_id,quarter,average
0,q1,0.5425
1,q1,0.048769230769230745
2,q1,1.4532352941176467
3,q1,1.2311
4,q1,1.225
5,q1,0.7747857142857143
6,q1,-0.014611111111111111
7,q1,0.6517499999999999
8,q1,0.8416111111111112
9,q1,0.48725000000000007
10,q1,0.6369285714285714
11,q1,0.5357500000000001
12,q1,0.52405
13,q1,2.099277777777778
14,q1,0.18645
15,q1,0.42705882352941177
16,q1,0.8270555555555555
17,q1,0.316923076923077
18,q1,0.5672499999999999
19,q1,2.0043571428571427
20,q1,8.32492857142857
21,q1,-0.10084615384615386
22,q1,1.496214285714286
23,q1,0.4051052631578947
24,q1,0.4925
25,q1,0.743
26,q1,0.27458823529411763
27,q1,0.39223076923076927
28,q1,1.361894736842105
29,q1,0.7294
30,q1,0.7824999999999999
31,q1,0.29505
32,q1,
33,q1,-0.02592857142857142
34,q1,0.36189473684210527
35,q1,1.798315789473684
36,q1,1.3945500000000002
37,q1,1.7572142857142856
38,q1,0.611375
39,q1,1.7059230769230769
40,q1,0.9156000000000001
41,q1,0.49794736842105264
42,q1,2.2146470588235294
43,q1,1.0337999999999998
44,q1,0.2491875
45,q1,1.4288
46,q1,1.16625
47,q1,0.33704999999999996
48,q1,1.39
49,q1,0.6554999999999999
50,q1,0.372
51,q1,0.8720000000000001
52,q1,0.1615
53,q1,0.7704166666666667
54,q1,1.9485
55,q1,0.7639285714285714
56,q1,0.37045454545454537
57,q1,0.9474499999999999
58,q1,5.450428571428572
59,q1,1.3813499999999999
60,q1,0.5901
61,q1,0.6720500000000001
62,q1,0.68815
63,q1,0.3142
64,q1,1.2019
65,q1,0.5283500000000001
66,q1,0.18685000000000002
67,q1,2.0005
68,q1,0.6426842105263159
69,q1,5.988307692307692
70,q1,0.2345
71,q1,2.8665555555555553
72,q1,0.25616666666666665
73,q1,0.54405
74,q1,0.2643333333333333
75,q1,1.3842307692307694
76,q1,0.2152857142857143
77,q1,0.5222777777777777
78,q1,0.5046153846153847
79,q1,4.900600000000001
80,q1,0.3399
81,q1,0.7540999999999999
82,q1,1.1428
83,q1,2.1167857142857143
84,q1,0.6427777777777778
85,q1,0.22666666666666668
86,q1,0.6632307692307692
87,q1,0.1573571428571429
88,q1,0.25934999999999997
89,q1,0.1795263157894737
90,q1,0.7296666666666667
91,q1,1.2385
92,q1,0.8861538461538461
93,q1,0.2481578947368421
94,q1,0.563
95,q1,0.5900000000000001
96,q1,0.26475
97,q1,0.5481111111111112
98,q1,0.481
99,q1,1.7223571428571431
100,q1,0.6454117647058825
101,q1,0.5029
102,q1,0.86555
103,q1,0.9189000000000002
104,q1,0.27999999999999997
105,q1,0.8934000000000001
106,q1,2.008923076923077
107,q1,1.3618888888888887
108,q1,0.6039285714285715
109,q1,0.2433529411764706
110,q1,0.37499999999999994
111,q1,1.5120999999999998
112,q1,0.1376111111111111
113,q1,1.3345
114,q1,1.23325
115,q1,0.7205
116,q1,0.22783333333333333
117,q1,0.6931
118,q1,0.6528571428571429
119,q1,0.14605555555555555
120,q1,0.1098
121,q1,0.3565999999999999
122,q1,0.3449411764705883
123,q1,0.6198
124,q1,0.587
125,q1,0.36479999999999996
126,q1,
127,q1,0.5304
128,q1,0.6888500000000001
129,q1,1.7286499999999996
130,q1,0.7155833333333333
131,q1,0.8722631578947369
132,q1,0.29883333333333334
133,q1,3.8495
134,q1,0.6899
135,q1,1.0195454545454545
136,q1,0.782888888888889
137,q1,0.874684210526316
138,q1,0.3202105263157894
139,q1,0.5521999999999999
140,q1,0.716
141,q1,0.3785833333333333
142,q1,0.3785833333333333
143,q1,0.5579999999999999
144,q1,0.315
145,q1,0.4371875
146,q1,0.7953333333333332
147,q1,
148,q1,0.08754545454545454
149,q1,0.6056499999999999
150,q1,1.2549444444444446
151,q1,1.2044736842105266
152,q1,0.52995
153,q1,1.0688
154,q1,1.4885000000000002
155,q1,-0.14095
156,q1,0.37315
157,q1,0.5511666666666666
158,q1,1.025705882352941
159,q1,0.7227
160,q1,0.7101764705882354
161,q1,0.5239285714285714
162,q1,1.0348421052631578
163,q1,0.54065
164,q1,0.5139
165,q1,0.9276923076923078
166,q1,0.19083333333333333
167,q1,0.7103333333333334
168,q1,0.599923076923077
169,q1,0.8974500000000001
170,q1,0.7741176470588236
171,q1,1.1290588235294117
172,q1,0.395
173,q1,0.3698333333333334
174,q1,0.7997222222222221
175,q1,0.3601764705882354
176,q1,0.3696428571428571
177,q1,0.32327272727272727
178,q1,0.3746842105263158
179,q1,0.9273333333333333
180,q1,0.14110526315789473
181,q1,0.8632857142857142
182,q1,0.438
183,q1,0.6717058823529413
184,q1,1.4578000000000002
185,q1,0.7231052631578948
186,q1,0.7779
187,q1,0.5805555555555555
188,q1,0.28980000000000006
189,q1,0.48055000000000003
190,q1,0.27288888888888885
191,q1,0.5210769230769231
192,q1,1.51775
193,q1,0.7401875000000001
194,q1,
195,q1,
196,q1,0.847
197,q1,0.6010909090909092
198,q1,0.3891428571428571
199,q1,0.1611111111111111
200,q1,0.6890000000000001
201,q1,1.4095999999999997
202,q1,0.31543750000000004
203,q1,0.793842105263158
204,q1,0.48825
205,q1,0.9136428571428573
206,q1,0.3576428571428572
207,q1,1.15375
208,q1,5.624642857142858
209,q1,5.624642857142858
210,q1,0.8442222222222223
211,q1,0.40829411764705875
212,q1,0.33609999999999995
213,q1,0.43141176470588233
214,q1,3.5284210526315793
215,q1,2.2733333333333334
216,q1,0.4676
217,q1,0.17671428571428568
218,q1,0.27425
219,q1,0.18266666666666667
220,q1,1.4157499999999998
221,q1,0.31769230769230766
222,q1,0.6901500000000002
223,q1,0.8207500000000001
224,q1,0.6159333333333332
225,q1,1.3840526315789476
226,q1,2.0801250000000002
227,q1,0.5184
228,q1,0.8147
229,q1,0.30331250000000004
230,q1,1.0463529411764707
231,q1,0.5451578947368422
232,q1,0.3566666666666667
233,q1,0.6653
234,q1,-0.40764285714285714
235,q1,0.21260000000000004
236,q1,0.41805000000000003
237,q1,0.18305263157894736
238,q1,0.7630000000000001
239,q1,1.3291500000000003
240,q1,1.9023499999999998
241,q1,0.47723076923076924
242,q1,0.41800000000000004
243,q1,0.6256666666666666
244,q1,0.9568823529411766
245,q1,0.4515625
246,q1,-0.17225000000000001
247,q1,0.4542
248,q1,0.41129999999999994
249,q1,-0.08740000000000002
250,q1,0.6455
251,q1,-0.061846153846153835
252,q1,0.8058333333333333
253,q1,0.9626666666666667
254,q1,0.5301578947368423
255,q1,0.1889
256,q1,0.9005294117647059
257,q1,0.3364444444444444
258,q1,0.8667000000000001
259,q1,0.46624999999999994
260,q1,0.4872631578947369
261,q1,1.164
262,q1,0.7101333333333332
263,q1,0.38134999999999997
264,q1,1.2172500000000004
265,q1,0.31871428571428567
266,q1,1.3236428571428571
267,q1,0.40515
268,q1,0.829421052631579
269,q1,0.39215000000000005
270,q1,0.63725
271,q1,0.88625
272,q1,0.17076923076923076
273,q1,0.6884500000000001
274,q1,1.20215
275,q1,0.27
276,q1,0.40695000000000003
277,q1,0.34769999999999995
278,q1,0.34905263157894734
279,q1,0.42895000000000005
280,q1,0.8260714285714287
281,q1,0.7923
282,q1,0.2305
283,q1,0.9997272727272729
284,q1,0.4215999999999999
285,q1,0.49122222222222217
286,q1,1.3642105263157895
287,q1,0.7814
288,q1,
289,q1,0.31976923076923075
290,q1,0.8665499999999998
291,q1,1.7088
292,q1,1.2273684210526317
293,q1,0.3470909090909091
294,q1,0.4563499999999999
295,q1,0.90805
296,q1,0.2492777777777778
297,q1,0.5497142857142857
298,q1,0.5874999999999999
299,q1,1.8102222222222224
300,q1,0.24719999999999995
301,q1,0.6806923076923077
302,q1,0.4652631578947368
303,q1,0.13154545454545455
304,q1,0.4898421052631578
305,q1,0.3151
306,q1,0.8822000000000001
307,q1,0.47625
308,q1,1.2726000000000002
309,q1,0.7472222222222222
310,q1,0.48252941176470593
311,q1,0.6729999999999998
312,q1,1.1898888888888892
313,q1,0.2324
314,q1,1.3141999999999998
315,q1,0.5106842105263159
316,q1,0.5509166666666666
317,q1,0.2587894736842105
318,q1,0.7745000000000001
319,q1,1.4461666666666666
320,q1,0.18553846153846154
321,q1,0.8542499999999998
322,q1,0.7705000000000001
323,q1,0.7130000000000001
324,q1,0.8144000000000002
325,q1,0.7170714285714286
326,q1,1.0027368421052631
327,q1,0.6702222222222223
328,q1,0.46515789473684216
329,q1,0.83185
330,q1,1.642157894736842
331,q1,1.5005000000000002
332,q1,0.5152857142857143
333,q1,0.3601
334,q1,0.49715
335,q1,0.39905
336,q1,0.4143333333333334
337,q1,0.6389333333333334
338,q1,0.9277000000000001
339,q1,0.5874285714285714
340,q1,0.16423529411764703
341,q1,0.7955882352941177
342,q1,0.28029999999999994
343,q1,0.43175
344,q1,1.7136500000000001
345,q1,0.6103
346,q1,0.10064285714285712
347,q1,1.0650624999999998
348,q1,0.28745
349,q1,0.8382499999999998
350,q1,0.7421
351,q1,0.26375
352,q1,12.826066666666668
353,q1,0.30215
354,q1,0.037666666666666675
355,q1,0.037666666666666675
356,q1,0.3060769230769231
357,q1,0.5646666666666668
358,q1,0.7282666666666667
359,q1,0.32284999999999997
360,q1,1.2120555555555557
361,q1,1.07555
362,q1,0.36035000000000006
363,q1,0.1614210526315789
364,q1,0.7217777777777777
365,q1,0.8045882352941177
366,q1,0.6864
367,q1,0.5465263157894736
368,q1,0.9132352941176469
369,q1,0.8414999999999999
370,q1,0.4144
371,q1,1.10435
372,q1,0.29029411764705876
373,q1,0.7965000000000001
374,q1,0.41552941176470587
375,q1,0.18166666666666664
376,q1,1.141909090909091
377,q1,1.40085
378,q1,0.5485263157894736
379,q1,0.23752941176470585
380,q1,0.7834210526315789
381,q1,0.657
382,q1,0.7641500000000001
383,q1,2.0685000000000002
384,q1,0.9943846153846153
385,q1,1.3634285714285714
386,q1,0.8003
387,q1,0.32
388,q1,0.76875
389,q1,0.489
390,q1,0.64225
391,q1,0.92025
392,q1,0.4707777777777778
393,q1,4.040928571428571
394,q1,0.3559999999999999
395,q1,1.3976153846153847
396,q1,0.35455000000000003
397,q1,0.3746
398,q1,0.6325263157894736
399,q1,0.8067500000000001
400,q1,0.3227
401,q1,1.0077894736842108
402,q1,0.07200000000000001
403,q1,1.2493076923076922
404,q1,0.32520000000000004
405,q1,0.4325
406,q1,1.0848
407,q1,-0.001285714285714279
408,q1,0.23444999999999996
409,q1,0.22875000000000006
410,q1,0.4051999999999999
411,q1,1.0631052631578948
412,q1,1.0327000000000002
413,q1,0.9922352941176472
414,q1,0.6845000000000001
415,q1,0.22361111111111098
416,q1,1.2256111111111112
417,q1,0.5304285714285715
418,q1,0.4936842105263157
419,q1,0.8432857142857142
420,q1,0.6928124999999999
421,q1,1.0691499999999998
422,q1,0.91145
423,q1,0.9223500000000001
424,q1,0.717
425,q1,0.6010000000000001
426,q1,1.0206111111111111
427,q1,0.7944999999999999
428,q1,0.7756000000000001
429,q1,0.8094000000000001
430,q1,0.2543
431,q1,0.4415
432,q1,0.654
433,q1,0.39845
434,q1,1.7197500000000001
435,q1,0.8193333333333334
436,q1,1.174421052631579
437,q1,0.7153999999999999
438,q1,0.4253
439,q1,0.18765
440,q1,1.0992222222222223
441,q1,0.36125
442,q1,0.3894444444444444
443,q1,0.47557142857142853
444,q1,0.6913499999999999
445,q1,1.934642857142857
446,q1,0.1978888888888889
447,q1,0.6269285714285715
448,q1,-0.09153846153846154
449,q1,0.1052
450,q1,0.47850000000000004
451,q1,0.493
452,q1,-0.01
453,q1,0.03169230769230769
454,q1,-0.46507692307692305
455,q1,-0.0105
456,q1,1.0071999999999999
457,q1,0.8192727272727273
458,q1,1.05015
459,q1,0.7805625000000002
460,q1,0.8029411764705883
461,q1,0.9701578947368421
462,q1,0.7422142857142858
463,q1,0.6197999999999999
464,q1,1.0279500000000001
465,q1,0.5852727272727273
466,q1,0.5849500000000001
467,q1,0.3936666666666666
468,q1,0.9362142857142858
469,q1,0.80435
470,q1,0.10700000000000001
471,q1,0.7810588235294119
472,q1,0.6649999999999999
473,q1,0.4471
474,q1,-0.16231249999999997
475,q1,0.3728461538461539
476,q1,0.7706315789473684
477,q1,0.6497142857142857
478,q1,0.8591578947368423
479,q1,0.58415
480,q1,0.8283333333333333
481,q1,1.4395714285714285
482,q1,0.7043333333333333
483,q1,0.37242857142857144
484,q1,0.6808500000000001
485,q1,1.9198
486,q1,3.2242352941176473
487,q1,0.5493846153846154
488,q1,0.31870588235294117
489,q1,0.7296000000000001
490,q1,0.80775
491,q1,0.36892307692307696
492,q1,0.23600000000000004
493,q1,1.1079285714285714
494,q1,1.1603529411764706
495,q1,0.4289375
496,q1,0.37935
497,q1,1.27465
498,q1,0.4307500000000001
499,q1,0.9117692307692308
500,q1,0.4494285714285714
501,q1,0.5309999999999999
502,q1,1.2245555555555556
503,q1,0.6911499999999999
504,q1,0.5293333333333333
0,q2,0.5378571428571429
1,q2,1.2614285714285713
2,q2,1.2627777777777778
3,q2,0.91295
4,q2,1.2931428571428571
5,q2,0.9748571428571429
6,q2,-0.019555555555555562
7,q2,0.72335
8,q2,0.7667222222222222
9,q2,0.49495000000000006
10,q2,0.636
11,q2,0.5755499999999999
12,q2,0.6005
13,q2,2.0413888888888887
14,q2,0.20665
15,q2,0.7015555555555556
16,q2,0.7193500000000002
17,q2,0.29271428571428565
18,q2,0.57295
19,q2,2.146785714285714
20,q2,7.60092857142857
21,q2,-0.14650000000000005
22,q2,1.4600666666666662
23,q2,0.5901
24,q2,0.4984999999999999
25,q2,0.7355999999999999
26,q2,0.32129411764705884
27,q2,1.1154615384615385
28,q2,1.1864
29,q2,0.9618333333333333
30,q2,0.7257142857142858
31,q2,0.27945000000000003
32,q2,
33,q2,-0.03035714285714286
34,q2,0.3832105263157894
35,q2,1.8428947368421054
36,q2,1.4797500000000001
37,q2,1.8132857142857144
38,q2,0.628125
39,q2,1.7669285714285716
40,q2,1.0942
41,q2,0.5089500000000001
42,q2,2.0017777777777774
43,q2,0.93395
44,q2,0.2404
45,q2,1.2186000000000001
46,q2,1.1552000000000002
47,q2,0.3746315789473684
48,q2,1.3890000000000002
49,q2,0.6956470588235296
50,q2,0.361
51,q2,1.312
52,q2,0.18357142857142855
53,q2,0.7741538461538462
54,q2,1.9899
55,q2,0.93395
56,q2,0.6279090909090909
57,q2,0.9943
58,q2,4.7255714285714285
59,q2,1.4465500000000002
60,q2,0.61715
61,q2,0.74215
62,q2,0.7102499999999999
63,q2,0.36855
64,q2,1.27065
65,q2,0.51295
66,q2,0.2720526315789474
67,q2,1.985
68,q2,0.6588
69,q2,8.776142857142856
70,q2,0.2525
71,q2,2.72905
72,q2,0.3567894736842105
73,q2,0.53255
74,q2,0.28791666666666665
75,q2,1.5733333333333333
76,q2,0.2209285714285714
77,q2,0.5139
78,q2,0.5137857142857143
79,q2,4.55935
80,q2,0.4862
81,q2,0.8272999999999999
82,q2,1.3151499999999998
83,q2,2.133
84,q2,0.6705555555555556
85,q2,0.3770666666666667
86,q2,0.7364615384615385
87,q2,0.14971428571428572
88,q2,0.3928
89,q2,0.21275
90,q2,0.9511666666666668
91,q2,1.3925
92,q2,0.8889285714285714
93,q2,0.255
94,q2,0.8207857142857142
95,q2,0.6184
96,q2,0.2479473684210526
97,q2,0.57145
98,q2,0.5502222222222222
99,q2,1.8174285714285716
100,q2,0.5065789473684211
101,q2,0.5321499999999999
102,q2,0.7072999999999999
103,q2,0.9361499999999999
104,q2,0.3055
105,q2,0.9188125
106,q2,2.409153846153846
107,q2,1.4719473684210527
108,q2,0.27035714285714285
109,q2,0.2812941176470588
110,q2,0.23542857142857146
111,q2,1.5100500000000001
112,q2,0.11063157894736841
113,q2,1.3909285714285715
114,q2,1.1934
115,q2,0.8423
116,q2,0.2965
117,q2,0.6631500000000001
118,q2,0.8102857142857144
119,q2,0.14550000000000002
120,q2,0.11733333333333333
121,q2,0.35524999999999995
122,q2,0.38121052631578944
123,q2,0.6372
124,q2,0.5918
125,q2,0.38384999999999997
126,q2,
127,q2,0.5718000000000001
128,q2,0.7462
129,q2,1.652
130,q2,0.6739166666666666
131,q2,0.5979500000000002
132,q2,1.1794166666666666
133,q2,3.922
134,q2,1.5351499999999998
135,q2,1.0403333333333333
136,q2,0.8544444444444446
137,q2,0.9489500000000002
138,q2,0.3599
139,q2,0.6217499999999999
140,q2,0.6780999999999999
141,q2,0.4032857142857143
142,q2,0.4032857142857143
143,q2,0.5806428571428571
144,q2,0.3158333333333333
145,q2,0.4046875
146,q2,0.9335789473684211
147,q2,
148,q2,0.07307692307692307
149,q2,0.36849999999999994
150,q2,0.6813157894736842
151,q2,1.0529
152,q2,0.5579999999999999
153,q2,0.9439
154,q2,1.7315
155,q2,0.17165
156,q2,0.37059999999999993
157,q2,0.6666500000000001
158,q2,0.5309
159,q2,0.77055
160,q2,0.6522105263157895
161,q2,0.8800714285714287
162,q2,1.1850555555555555
163,q2,0.6025500000000001
164,q2,0.44965
165,q2,0.8182142857142857
166,q2,0.24307142857142858
167,q2,0.5033076923076923
168,q2,0.6673333333333334
169,q2,0.8586499999999999
170,q2,0.8390000000000001
171,q2,1.3281578947368422
172,q2,0.75
173,q2,0.37347368421052635
174,q2,0.6962105263157895
175,q2,0.36510000000000004
176,q2,0.9897857142857143
177,q2,0.3404615384615385
178,q2,0.35130000000000006
179,q2,0.8224285714285714
180,q2,0.14725000000000002
181,q2,0.9881428571428571
182,q2,0.69275
183,q2,0.5149499999999999
184,q2,1.6238
185,q2,0.7074999999999999
186,q2,0.8111499999999999
187,q2,0.6582222222222222
188,q2,0.30274999999999996
189,q2,0.49815000000000004
190,q2,0.2947894736842105
191,q2,0.4848947368421052
192,q2,1.6536250000000001
193,q2,0.7468333333333335
194,q2,
195,q2,
196,q2,0.8988749999999999
197,q2,0.6193571428571429
198,q2,0.4025714285714286
199,q2,0.17350000000000004
200,q2,0.8109999999999999
201,q2,1.5065000000000002
202,q2,0.38159999999999994
203,q2,0.7665
204,q2,0.62005
205,q2,0.9304285714285714
206,q2,0.36899999999999994
207,q2,1.3860000000000001
208,q2,5.967142857142856
209,q2,5.967142857142856
210,q2,0.9644736842105265
211,q2,0.4321764705882353
212,q2,0.3611
213,q2,0.6500555555555555
214,q2,3.224789473684211
215,q2,1.8993000000000002
216,q2,0.46080000000000004
217,q2,0.31849999999999995
218,q2,0.27949999999999997
219,q2,0.3263076923076923
220,q2,1.4505
221,q2,0.35523076923076924
222,q2,1.011
223,q2,0.6940500000000003
224,q2,0.9954666666666665
225,q2,1.25055
226,q2,2.13875
227,q2,0.7066666666666667
228,q2,0.9805000000000001
229,q2,0.2840588235294118
230,q2,1.02315
231,q2,0.5203
232,q2,0.37575000000000003
233,q2,0.62375
234,q2,-0.44978571428571434
235,q2,0.1996
236,q2,0.48339999999999994
237,q2,0.2825263157894737
238,q2,0.5564500000000001
239,q2,1.6003999999999998
240,q2,2.3851500000000003
241,q2,0.47092857142857136
242,q2,0.42600000000000005
243,q2,0.62225
244,q2,1.0048235294117647
245,q2,0.3753157894736842
246,q2,-0.10344444444444445
247,q2,0.52725
248,q2,0.41980000000000006
249,q2,0.33670000000000005
250,q2,0.6676500000000001
251,q2,0.2265
252,q2,0.8969999999999999
253,q2,1.006
254,q2,0.9645000000000001
255,q2,0.19790000000000002
256,q2,0.9581666666666666
257,q2,0.40309999999999996
258,q2,1.0008421052631578
259,q2,0.45152941176470585
260,q2,0.5504
261,q2,1.2099000000000002
262,q2,0.6307894736842105
263,q2,0.39725
264,q2,1.2150000000000003
265,q2,0.3592142857142857
266,q2,1.3345714285714283
267,q2,0.5595000000000001
268,q2,0.78915
269,q2,0.39634999999999987
270,q2,0.7531999999999999
271,q2,0.9577500000000001
272,q2,0.18078571428571427
273,q2,0.6944
274,q2,1.1997000000000002
275,q2,0.24799999999999997
276,q2,0.4048
277,q2,0.47875000000000006
278,q2,0.23524999999999996
279,q2,0.7551
280,q2,0.899857142857143
281,q2,0.7524545454545454
282,q2,0.32804999999999995
283,q2,1.0650833333333334
284,q2,0.44044999999999995
285,q2,0.6260526315789473
286,q2,1.411
287,q2,0.8388000000000002
288,q2,1.525
289,q2,0.29471428571428565
290,q2,0.8852
291,q2,1.8340000000000003
292,q2,1.2418
293,q2,0.24938461538461537
294,q2,0.71865
295,q2,0.9824000000000002
296,q2,0.5282105263157896
297,q2,0.49460000000000004
298,q2,0.5893333333333334
299,q2,2.055222222222222
300,q2,0.4088
301,q2,0.7333846153846154
302,q2,0.44157894736842107
303,q2,0.18133333333333335
304,q2,0.5766500000000001
305,q2,0.43875000000000003
306,q2,1.0214000000000003
307,q2,0.50875
308,q2,1.351
309,q2,0.7639000000000001
310,q2,0.5223333333333334
311,q2,0.6860999999999999
312,q2,1.1261578947368422
313,q2,0.23415000000000002
314,q2,1.7835500000000004
315,q2,0.50725
316,q2,0.513
317,q2,1.5193499999999998
318,q2,0.6679
319,q2,1.4608
320,q2,0.2490769230769231
321,q2,0.9401499999999998
322,q2,0.6799230769230771
323,q2,1.5240000000000002
324,q2,0.8417999999999999
325,q2,0.7186428571428571
326,q2,0.9599473684210527
327,q2,0.6859999999999999
328,q2,0.5528421052631578
329,q2,1.0311500000000002
330,q2,1.7376
331,q2,1.8686500000000001
332,q2,0.3851428571428572
333,q2,0.34349999999999997
334,q2,0.5512
335,q2,0.34819999999999995
336,q2,0.9226666666666667
337,q2,0.6024117647058823
338,q2,1.111
339,q2,0.586857142857143
340,q2,0.17411764705882352
341,q2,0.1557222222222222
342,q2,0.21505000000000002
343,q2,0.586125
344,q2,1.7378
345,q2,0.5991
346,q2,0.3357142857142857
347,q2,1.1492
348,q2,0.36739999999999995
349,q2,0.8730500000000001
350,q2,0.7771
351,q2,0.2703
352,q2,18.144000000000002
353,q2,0.5447
354,q2,0.20133333333333334
355,q2,0.20133333333333334
356,q2,0.29107142857142854
357,q2,0.3013684210526315
358,q2,0.9625555555555554
359,q2,0.3804499999999999
360,q2,1.3971111111111112
361,q2,0.967736842105263
362,q2,0.35860000000000003
363,q2,0.16789473684210526
364,q2,0.7408333333333333
365,q2,0.5443888888888889
366,q2,1.0271500000000002
367,q2,0.5293
368,q2,0.896
369,q2,0.89255
370,q2,0.39915
371,q2,1.0223
372,q2,0.34295000000000003
373,q2,0.8927142857142857
374,q2,0.4621111111111112
375,q2,0.23784615384615387
376,q2,1.2339090909090908
377,q2,1.4515
378,q2,0.71785
379,q2,1.01105
380,q2,1.0211999999999999
381,q2,0.46414999999999995
382,q2,0.8812999999999999
383,q2,1.8647647058823527
384,q2,1.0593571428571429
385,q2,2.037285714285715
386,q2,0.7845000000000001
387,q2,0.3961538461538462
388,q2,0.6953
389,q2,0.5065
390,q2,0.6194
391,q2,1.39375
392,q2,0.7464000000000001
393,q2,4.130285714285715
394,q2,0.3385714285714286
395,q2,1.645153846153846
396,q2,0.34855
397,q2,0.40525
398,q2,0.6628888888888889
399,q2,1.33575
400,q2,0.35155000000000003
401,q2,0.9901500000000001
402,q2,0.11371428571428573
403,q2,1.2506249999999999
404,q2,0.3035500000000001
405,q2,0.4373
406,q2,1.1275
407,q2,0.0012857142857142828
408,q2,0.19135
409,q2,0.24095000000000005
410,q2,0.4266
411,q2,2.2707
412,q2,1.10445
413,q2,1.12585
414,q2,0.67195
415,q2,0.4879444444444444
416,q2,1.28445
417,q2,0.5528571428571428
418,q2,0.60975
419,q2,0.9000714285714285
420,q2,0.9017777777777778
421,q2,0.86785
422,q2,0.9369499999999998
423,q2,1.0645
424,q2,0.7575000000000001
425,q2,0.7454
426,q2,1.19205
427,q2,0.6755714285714286
428,q2,0.7638
429,q2,0.8349
430,q2,0.26280000000000003
431,q2,0.39805
432,q2,0.63165
433,q2,1.2286000000000001
434,q2,1.799923076923077
435,q2,0.8451666666666666
436,q2,1.2952
437,q2,0.75905
438,q2,0.509
439,q2,0.1958
440,q2,1.1356315789473683
441,q2,0.47866666666666663
442,q2,0.6672105263157894
443,q2,0.51025
444,q2,0.7272500000000001
445,q2,1.7665000000000002
446,q2,0.7168823529411765
447,q2,0.5427142857142857
448,q2,0.26892307692307693
449,q2,0.10233333333333333
450,q2,0.50965
451,q2,0.5748
452,q2,-0.0475
453,q2,0.01607692307692308
454,q2,2.121846153846154
455,q2,-0.004642857142857142
456,q2,0.9652
457,q2,0.8473636363636363
458,q2,1.12785
459,q2,0.7556842105263158
460,q2,0.8859444444444445
461,q2,1.0653000000000001
462,q2,1.1383684210526315
463,q2,0.64785
464,q2,1.24825
465,q2,0.5818181818181819
466,q2,0.67485
467,q2,0.31963157894736843
468,q2,0.7942857142857144
469,q2,1.3492499999999998
470,q2,0.8154210526315789
471,q2,0.5843684210526315
472,q2,0.6584999999999999
473,q2,0.4710000000000001
474,q2,-0.16319999999999993
475,q2,0.3661666666666667
476,q2,0.78325
477,q2,0.5264736842105263
478,q2,0.9414999999999999
479,q2,0.7829499999999999
480,q2,1.3258666666666667
481,q2,1.4202142857142857
482,q2,0.3882222222222222
483,q2,0.3906428571428572
484,q2,0.7184999999999999
485,q2,2.2143499999999996
486,q2,1.5312777777777777
487,q2,0.6555714285714286
488,q2,0.2948421052631579
489,q2,0.82725
490,q2,0.81175
491,q2,0.38461538461538464
492,q2,0.2792
493,q2,1.033642857142857
494,q2,0.977235294117647
495,q2,0.3421764705882353
496,q2,0.3802
497,q2,1.2184499999999998
498,q2,0.4971
499,q2,1.0147857142857142
500,q2,0.574625
501,q2,0.5012000000000001
502,q2,1.2583888888888888
503,q2,0.6980500000000001
504,q2,0.5559999999999999
0,q3,0.558
1,q3,1.1596428571428572
2,q3,1.1775555555555555
3,q3,0.75025
4,q3,1.3594285714285714
5,q3,0.856
6,q3,0.021055555555555567
7,q3,0.7072500000000003
8,q3,0.9054444444444444
9,q3,0.5275500000000001
10,q3,0.6905000000000001
11,q3,0.5583
12,q3,0.8552
13,q3,2.3869444444444445
14,q3,0.20554999999999998
15,q3,1.43715
16,q3,1.096
17,q3,0.30511111111111117
18,q3,0.57775
19,q3,2.0467999999999997
20,q3,7.134
21,q3,-0.07571428571428572
22,q3,1.2345
23,q3,0.6128
24,q3,0.5167142857142857
25,q3,0.7503
26,q3,0.281
27,q3,1.3732142857142857
28,q3,1.1417
29,q3,0.9991666666666669
30,q3,0.7717857142857143
31,q3,0.3105
32,q3,
33,q3,0.03585714285714286
34,q3,0.3736
35,q3,1.8596499999999998
36,q3,1.5219999999999998
37,q3,1.8804285714285716
38,q3,0.631625
39,q3,1.6155714285714287
40,q3,1.26
41,q3,0.5218999999999999
42,q3,1.9344444444444444
43,q3,0.8323500000000001
44,q3,0.22840000000000002
45,q3,1.24065
46,q3,1.2318500000000001
47,q3,0.37905
48,q3,1.26925
49,q3,0.7207000000000001
50,q3,0.36399999999999993
51,q3,0.2023
52,q3,0.20100000000000004
53,q3,0.837
54,q3,2.2169999999999996
55,q3,0.892
56,q3,0.8984545454545454
57,q3,0.9726000000000001
58,q3,7.182857142857143
59,q3,1.58905
60,q3,0.6038
61,q3,0.7614499999999998
62,q3,0.7172
63,q3,0.34815000000000007
64,q3,1.3827500000000001
65,q3,0.5242
66,q3,0.23921052631578946
67,q3,2.092
68,q3,0.6713500000000001
69,q3,17.178428571428572
70,q3,0.265
71,q3,2.9076000000000004
72,q3,0.3688
73,q3,0.5380499999999999
74,q3,0.48441666666666666
75,q3,1.6780833333333334
76,q3,0.20935714285714283
77,q3,0.465
78,q3,0.5769285714285715
79,q3,4.4878
80,q3,0.42264999999999997
81,q3,0.9650999999999998
82,q3,1.2180000000000002
83,q3,1.915533333333333
84,q3,0.6817777777777778
85,q3,0.4225333333333333
86,q3,0.7461428571428572
87,q3,0.156
88,q3,1.5627
89,q3,0.23040000000000002
90,q3,1.042
91,q3,1.226933333333333
92,q3,0.9449285714285713
93,q3,0.26985000000000003
94,q3,0.41950000000000004
95,q3,0.6693999999999999
96,q3,0.27674999999999994
97,q3,0.5962500000000001
98,q3,0.431
99,q3,1.8687857142857143
100,q3,0.5660000000000001
101,q3,0.5378499999999999
102,q3,0.89115
103,q3,0.9616999999999999
104,q3,0.3077857142857143
105,q3,0.859764705882353
106,q3,2.0365714285714285
107,q3,1.4231500000000001
108,q3,0.4745714285714286
109,q3,0.28688888888888886
110,q3,0.3181333333333333
111,q3,1.53615
112,q3,0.1075
113,q3,1.613
114,q3,1.1496999999999997
115,q3,0.79105
116,q3,0.12166666666666669
117,q3,0.45364999999999994
118,q3,1.083625
119,q3,0.1861
120,q3,0.12539999999999998
121,q3,0.3665
122,q3,0.35755
123,q3,0.61785
124,q3,0.599
125,q3,0.39990000000000003
126,q3,
127,q3,0.6012500000000001
128,q3,0.7751499999999999
129,q3,1.6522999999999997
130,q3,0.6930000000000001
131,q3,0.8948
132,q3,1.244923076923077
133,q3,2.3434999999999997
134,q3,1.28995
135,q3,1.1059166666666669
136,q3,0.7167000000000001
137,q3,0.9514499999999998
138,q3,0.48260000000000003
139,q3,0.6325999999999999
140,q3,0.8443000000000002
141,q3,0.34821428571428575
142,q3,0.34821428571428575
143,q3,0.5144285714285713
144,q3,0.29569230769230764
145,q3,0.41875
146,q3,0.9639999999999999
147,q3,1.3780000000000001
148,q3,0.09007692307692307
149,q3,0.8390000000000001
150,q3,1.0789
151,q3,1.61945
152,q3,0.5747500000000001
153,q3,0.9147500000000001
154,q3,2.0140000000000002
155,q3,1.01395
156,q3,0.37305
157,q3,0.8137368421052631
158,q3,1.34125
159,q3,0.7810999999999999
160,q3,1.1703
161,q3,0.4676428571428572
162,q3,1.10005
163,q3,0.7109500000000001
164,q3,0.45640000000000003
165,q3,0.7962857142857143
166,q3,0.23864285714285716
167,q3,0.6451538461538462
168,q3,0.6903571428571429
169,q3,0.827
170,q3,0.889
171,q3,2.0181999999999998
172,q3,1.4469999999999998
173,q3,0.3578947368421052
174,q3,0.915
175,q3,0.41555
176,q3,1.737142857142857
177,q3,0.37461538461538463
178,q3,0.18325
179,q3,0.9332857142857142
180,q3,0.15165
181,q3,1.0437142857142856
182,q3,0.68825
183,q3,0.5335500000000001
184,q3,1.3175500000000002
185,q3,1.0718999999999999
186,q3,0.8602000000000001
187,q3,0.7592222222222221
188,q3,0.31894999999999996
189,q3,0.50885
190,q3,0.3270555555555556
191,q3,0.46674999999999994
192,q3,1.633
193,q3,0.5986499999999999
194,q3,0.96
195,q3,0.672
196,q3,0.8813333333333334
197,q3,0.6171428571428572
198,q3,0.4080714285714286
199,q3,0.2028
200,q3,0.842
201,q3,1.52915
202,q3,0.393
203,q3,0.73115
204,q3,0.47075000000000006
205,q3,0.9585
206,q3,0.40285714285714286
207,q3,1.326
208,q3,6.221571428571429
209,q3,6.221571428571429
210,q3,0.9214499999999999
211,q3,0.4463684210526316
212,q3,0.40275
213,q3,0.5599473684210526
214,q3,3.121
215,q3,2.0236500000000004
216,q3,0.44955
217,q3,1.4032857142857142
218,q3,0.2749499999999999
219,q3,0.3565384615384615
220,q3,1.2395555555555555
221,q3,0.3320769230769231
222,q3,0.79165
223,q3,0.6157999999999999
224,q3,0.9515333333333333
225,q3,1.2753500000000002
226,q3,2.216111111111111
227,q3,0.7193333333333333
228,q3,0.6965000000000001
229,q3,0.2882777777777778
230,q3,1.0629000000000002
231,q3,0.5023
232,q3,0.428
233,q3,0.6257499999999998
234,q3,-0.14107142857142857
235,q3,0.18939999999999999
236,q3,0.4909
237,q3,0.10964999999999998
238,q3,0.9029000000000001
239,q3,1.7756999999999998
240,q3,2.46055
241,q3,0.4714285714285714
242,q3,0.36920000000000003
243,q3,0.6125
244,q3,0.9649000000000001
245,q3,0.4054736842105264
246,q3,-0.16420000000000007
247,q3,0.52875
248,q3,0.47634999999999994
249,q3,2.0145000000000004
250,q3,0.7617999999999999
251,q3,0.189
252,q3,0.9069230769230769
253,q3,1.0783333333333334
254,q3,0.9257500000000002
255,q3,0.20315000000000003
256,q3,0.9037894736842106
257,q3,0.3067
258,q3,0.98505
259,q3,0.43504999999999994
260,q3,0.60345
261,q3,1.3372000000000002
262,q3,0.64535
263,q3,0.3978999999999999
264,q3,1.18395
265,q3,0.37100000000000005
266,q3,1.3261428571428573
267,q3,0.42095000000000005
268,q3,0.82455
269,q3,0.40195
270,q3,0.7097999999999999
271,q3,0.8065
272,q3,0.17578571428571427
273,q3,0.7565999999999999
274,q3,1.2468000000000001
275,q3,0.2426666666666667
276,q3,0.31105
277,q3,0.4108500000000001
278,q3,0.22105000000000002
279,q3,0.57865
280,q3,0.9072
281,q3,0.7974999999999999
282,q3,0.1517
283,q3,1.0617500000000002
284,q3,0.46094999999999997
285,q3,0.8267777777777778
286,q3,1.4087
287,q3,0.8969000000000003
288,q3,1.744
289,q3,0.26964285714285713
290,q3,0.9113999999999999
291,q3,1.90835
292,q3,1.27715
293,q3,0.6392941176470588
294,q3,0.4365
295,q3,0.9961499999999999
296,q3,0.45935000000000004
297,q3,0.536
298,q3,0.7013333333333334
299,q3,2.0174444444444446
300,q3,0.18995
301,q3,0.7599285714285714
302,q3,0.4725263157894737
303,q3,0.1575
304,q3,0.5216000000000001
305,q3,0.42245
306,q3,1.1120500000000002
307,q3,0.48724999999999996
308,q3,1.3535499999999998
309,q3,0.72425
310,q3,0.5025
311,q3,0.712
312,q3,1.1526842105263155
313,q3,0.19365
314,q3,1.8726500000000001
315,q3,0.64365
316,q3,0.46585714285714286
317,q3,1.7797499999999995
318,q3,0.54015
319,q3,1.5217500000000004
320,q3,0.2347142857142857
321,q3,0.9442000000000002
322,q3,0.5406923076923077
323,q3,1.533625
324,q3,0.8842499999999998
325,q3,0.6833571428571428
326,q3,0.9064499999999999
327,q3,0.6589166666666667
328,q3,0.5045263157894737
329,q3,1.02625
330,q3,1.8088000000000002
331,q3,2.04685
332,q3,0.4556428571428572
333,q3,0.34405
334,q3,0.627
335,q3,0.34349999999999997
336,q3,1.6695714285714285
337,q3,0.6037058823529412
338,q3,1.4295499999999999
339,q3,0.5630000000000001
340,q3,0.2146470588235294
341,q3,0.10815
342,q3,0.26225
343,q3,0.5974444444444444
344,q3,1.7779999999999998
345,q3,0.5738
346,q3,0.8742666666666666
347,q3,1.1901000000000002
348,q3,0.42824999999999996
349,q3,0.8641999999999997
350,q3,0.77105
351,q3,0.33005000000000007
352,q3,20.3775
353,q3,0.5326000000000001
354,q3,0.053833333333333344
355,q3,0.053833333333333344
356,q3,0.29814285714285715
357,q3,0.26030000000000003
358,q3,0.69375
359,q3,0.396
360,q3,1.433684210526316
361,q3,0.9704999999999998
362,q3,0.3699
363,q3,0.1692
364,q3,0.7096500000000001
365,q3,0.8200526315789471
366,q3,1.0590499999999996
367,q3,0.5403
368,q3,0.9104444444444444
369,q3,0.7545
370,q3,0.39899999999999997
371,q3,1.2444
372,q3,0.45465
373,q3,0.984
374,q3,0.45135
375,q3,0.23042857142857143
376,q3,1.2574166666666666
377,q3,1.50865
378,q3,0.6567000000000001
379,q3,1.94795
380,q3,0.9498500000000002
381,q3,0.5824
382,q3,0.7644499999999999
383,q3,1.8235555555555558
384,q3,1.1139285714285716
385,q3,2.0967142857142855
386,q3,1.4471000000000003
387,q3,0.4809285714285714
388,q3,0.7369
389,q3,0.5005
390,q3,0.60335
391,q3,1.3346
392,q3,2.0734500000000002
393,q3,2.8471428571428574
394,q3,0.33428571428571424
395,q3,1.5009285714285716
396,q3,0.3460499999999999
397,q3,0.4266
398,q3,0.6803684210526315
399,q3,1.2593999999999999
400,q3,0.362
401,q3,1.08705
402,q3,0.11026666666666667
403,q3,1.338375
404,q3,0.26555
405,q3,0.462
406,q3,1.2003000000000001
407,q3,0.0006428571428571514
408,q3,0.23064999999999997
409,q3,0.25034999999999996
410,q3,0.45885
411,q3,2.3603499999999995
412,q3,1.1918000000000002
413,q3,1.1003
414,q3,0.6655999999999999
415,q3,0.5203157894736843
416,q3,1.2004
417,q3,0.5538571428571428
418,q3,1.0139
419,q3,0.9542857142857143
420,q3,1.15265
421,q3,1.04655
422,q3,0.9527999999999999
423,q3,1.02265
424,q3,0.747235294117647
425,q3,0.7665
426,q3,1.2395500000000002
427,q3,0.7060000000000001
428,q3,0.8522000000000001
429,q3,0.82165
430,q3,0.27820000000000006
431,q3,0.38239999999999996
432,q3,0.6329500000000001
433,q3,1.0967500000000001
434,q3,1.9583846153846152
435,q3,0.90525
436,q3,1.22975
437,q3,0.58225
438,q3,0.40054999999999996
439,q3,0.23605
440,q3,1.09815
441,q3,0.449
442,q3,0.38378947368421057
443,q3,0.532875
444,q3,0.77085
445,q3,1.7062142857142855
446,q3,0.3605
447,q3,0.6768666666666666
448,q3,0.6292857142857143
449,q3,0.10583333333333333
450,q3,0.5680499999999999
451,q3,0.5537
452,q3,0.26166666666666666
453,q3,0.1592142857142857
454,q3,2.4090714285714285
455,q3,-0.019785714285714278
456,q3,0.8595
457,q3,0.8339090909090909
458,q3,1.2701999999999998
459,q3,0.75455
460,q3,0.9183499999999999
461,q3,1.0816
462,q3,1.52285
463,q3,0.6668000000000002
464,q3,1.2554999999999998
465,q3,0.5626666666666668
466,q3,0.6646000000000001
467,q3,0.6540526315789473
468,q3,1.0172857142857141
469,q3,1.335
470,q3,0.9935500000000002
471,q3,0.6307499999999999
472,q3,0.7107
473,q3,0.4889000000000001
474,q3,-0.15589999999999998
475,q3,0.41775
476,q3,0.7961499999999999
477,q3,0.50335
478,q3,0.9638
479,q3,0.7006500000000001
480,q3,1.5493333333333332
481,q3,1.3174285714285716
482,q3,0.4583500000000001
483,q3,0.449
484,q3,0.7359000000000001
485,q3,2.49115
486,q3,0.9873888888888889
487,q3,0.7199285714285715
488,q3,0.25660000000000005
489,q3,0.74275
490,q3,0.9592499999999999
491,q3,0.40176923076923077
492,q3,0.29175000000000006
493,q3,1.0053571428571426
494,q3,1.0247058823529414
495,q3,0.70245
496,q3,0.38260000000000005
497,q3,1.2184500000000003
498,q3,0.4584999999999999
499,q3,0.9836428571428572
500,q3,0.608125
501,q3,0.6453
502,q3,1.1305000000000003
503,q3,0.7298
504,q3,0.5628571428571428
0,q4,0.6276666666666667
1,q4,0.3219285714285714
2,q4,0.7759999999999999
3,q4,0.8401500000000001
4,q4,1.3988571428571428
5,q4,0.7942
6,q4,0.04878947368421053
7,q4,0.8400500000000001
8,q4,0.8266111111111113
9,q4,0.5919000000000001
10,q4,0.7210666666666669
11,q4,0.6048500000000001
12,q4,0.5344500000000001
13,q4,2.457333333333333
14,q4,0.22805000000000003
15,q4,0.2768421052631579
16,q4,0.5330999999999999
17,q4,0.3317
18,q4,0.5606500000000001
19,q4,2.2743333333333333
20,q4,8.443533333333333
21,q4,-0.07992857142857142
22,q4,1.4380625000000002
23,q4,0.49485
24,q4,0.5663571428571429
25,q4,0.7866500000000001
26,q4,0.3353684210526316
27,q4,0.6445
28,q4,1.419
29,q4,0.9716666666666667
30,q4,0.7910714285714286
31,q4,0.3297
32,q4,
33,q4,0.06760000000000001
34,q4,0.3884
35,q4,2.44525
36,q4,1.4734000000000003
37,q4,1.9689999999999999
38,q4,0.6623749999999999
39,q4,2.6316428571428574
40,q4,1.1671666666666667
41,q4,0.6165499999999999
42,q4,1.4218888888888885
43,q4,1.2560999999999998
44,q4,0.24365
45,q4,1.4306499999999998
46,q4,1.2840500000000001
47,q4,0.3977
48,q4,1.4002500000000002
49,q4,0.715
50,q4,0.342
51,q4,0.04975
52,q4,0.6474
53,q4,0.8250714285714287
54,q4,2.4519
55,q4,0.8906000000000001
56,q4,0.4770833333333333
57,q4,0.9734
58,q4,9.936928571428572
59,q4,1.69665
60,q4,0.6119000000000001
61,q4,0.79745
62,q4,0.7330500000000001
63,q4,1.36755
64,q4,1.3998000000000002
65,q4,0.54055
66,q4,0.16929999999999998
67,q4,2.15055
68,q4,0.6617
69,q4,8.120066666666668
70,q4,0.363
71,q4,3.1373999999999995
72,q4,0.2855
73,q4,0.48915
74,q4,1.1719285714285714
75,q4,1.4355333333333333
76,q4,0.2376666666666667
77,q4,0.5273000000000001
78,q4,0.5451428571428572
79,q4,4.610799999999999
80,q4,0.4146500000000001
81,q4,0.8331999999999999
82,q4,1.2787500000000003
83,q4,2.1142
84,q4,0.6622999999999999
85,q4,0.6928
86,q4,0.8525
87,q4,0.15053333333333332
88,q4,0.39664999999999995
89,q4,0.28674999999999995
90,q4,0.9575
91,q4,1.1287333333333331
92,q4,0.9870714285714286
93,q4,0.29205000000000003
94,q4,0.5892857142857143
95,q4,0.6992
96,q4,0.2579
97,q4,0.5803499999999999
98,q4,0.9295
99,q4,1.6151333333333333
100,q4,0.6865500000000001
101,q4,0.5576000000000001
102,q4,1.1212
103,q4,0.9687000000000001
104,q4,0.31126666666666664
105,q4,0.8484705882352941
106,q4,1.8782142857142858
107,q4,1.53715
108,q4,0.3240714285714285
109,q4,0.2605
110,q4,0.29673333333333335
111,q4,1.3389
112,q4,0.14825
113,q4,1.620666666666667
114,q4,1.2693
115,q4,1.1505999999999998
116,q4,0.07871428571428572
117,q4,0.2979
118,q4,0.627125
119,q4,0.16570000000000001
120,q4,0.13119999999999998
121,q4,0.38725
122,q4,0.37239999999999995
123,q4,0.6833
124,q4,0.5912499999999998
125,q4,0.40730000000000005
126,q4,-0.01
127,q4,0.7552999999999999
128,q4,0.9235
129,q4,1.7686499999999998
130,q4,0.782
131,q4,0.69955
132,q4,0.40685714285714286
133,q4,2.0135
134,q4,1.0037499999999997
135,q4,1.0427692307692307
136,q4,1.0949000000000002
137,q4,0.9269999999999999
138,q4,0.5763
139,q4,0.7192000000000001
140,q4,0.6365999999999999
141,q4,0.412357142857143
142,q4,0.412357142857143
143,q4,0.5351333333333333
144,q4,0.3287142857142857
145,q4,0.82075
146,q4,0.8991000000000001
147,q4,1.177
148,q4,0.1256666666666667
149,q4,0.8224500000000001
150,q4,1.0682
151,q4,0.946
152,q4,0.5951500000000001
153,q4,1.1215500000000003
154,q4,1.6863333333333335
155,q4,0.24599999999999994
156,q4,0.45150000000000007
157,q4,0.75815
158,q4,0.6596
159,q4,0.8004
160,q4,0.5988999999999998
161,q4,0.3045333333333334
162,q4,0.92415
163,q4,0.7762500000000001
164,q4,0.5884499999999999
165,q4,0.7976428571428571
166,q4,0.27535714285714286
167,q4,0.6075714285714285
168,q4,0.6933846153846154
169,q4,0.9619000000000002
170,q4,0.8943
171,q4,0.73965
172,q4,0.369
173,q4,0.39375000000000004
174,q4,0.66145
175,q4,0.41705000000000003
176,q4,0.9769285714285714
177,q4,0.3439285714285714
178,q4,0.25454999999999994
179,q4,1.087
180,q4,0.13525
181,q4,1.231375
182,q4,0.635375
183,q4,0.62635
184,q4,2.0542000000000002
185,q4,0.6932999999999998
186,q4,0.9167500000000001
187,q4,0.8583888888888889
188,q4,0.33985000000000004
189,q4,0.51805
190,q4,0.36950000000000005
191,q4,0.5814
192,q4,1.6685555555555556
193,q4,0.65305
194,q4,0.56
195,q4,0.5920000000000001
196,q4,0.9308888888888889
197,q4,0.6462857142857142
198,q4,0.4327333333333333
199,q4,0.24900000000000003
200,q4,0.8512500000000001
201,q4,1.68565
202,q4,0.4713000000000001
203,q4,0.7840999999999999
204,q4,0.4582
205,q4,0.9473333333333334
206,q4,0.42113333333333336
207,q4,1.2276666666666667
208,q4,6.4193999999999996
209,q4,6.4193999999999996
210,q4,0.84555
211,q4,0.46499999999999997
212,q4,0.44875
213,q4,0.6704210526315788
214,q4,4.00785
215,q4,1.82115
216,q4,0.48810000000000003
217,q4,1.2302857142857142
218,q4,0.27595
219,q4,0.30623076923076925
220,q4,1.5965555555555557
221,q4,0.3053571428571429
222,q4,0.64375
223,q4,0.7413499999999998
224,q4,0.5651333333333334
225,q4,1.3687
226,q4,2.421
227,q4,0.6933333333333334
228,q4,0.489
229,q4,0.3071111111111111
230,q4,1.14355
231,q4,0.5122500000000001
232,q4,0.471
233,q4,0.7233
234,q4,2.6930666666666667
235,q4,0.2392
236,q4,0.5475
237,q4,0.24984210526315784
238,q4,0.8066500000000001
239,q4,1.2365
240,q4,3.6503
241,q4,0.47335714285714275
242,q4,0.3858333333333333
243,q4,0.6237999999999999
244,q4,0.791578947368421
245,q4,0.45694736842105266
246,q4,-0.14955000000000002
247,q4,0.53675
248,q4,0.5395
249,q4,-0.0168
250,q4,0.73125
251,q4,0.5095333333333333
252,q4,0.8774615384615385
253,q4,1.0844285714285715
254,q4,0.8243500000000001
255,q4,0.20650000000000004
256,q4,1.0269473684210526
257,q4,0.5396500000000001
258,q4,0.96025
259,q4,0.45359999999999995
260,q4,0.6357
261,q4,1.40765
262,q4,0.6595000000000001
263,q4,0.42905
264,q4,1.06985
265,q4,0.40853333333333336
266,q4,1.2804666666666666
267,q4,0.8128500000000001
268,q4,0.6604000000000001
269,q4,0.39844999999999997
270,q4,0.7732
271,q4,0.915
272,q4,0.1744285714285714
273,q4,0.8279
274,q4,1.2460999999999998
275,q4,0.27322222222222226
276,q4,0.35069999999999996
277,q4,0.3343
278,q4,0.3091499999999999
279,q4,1.2698500000000001
280,q4,0.9189333333333333
281,q4,0.857611111111111
282,q4,1.23775
283,q4,1.0421538461538462
284,q4,0.4048499999999999
285,q4,1.1455
286,q4,1.3575499999999998
287,q4,0.9512
288,q4,1.761
289,q4,0.27135714285714285
290,q4,0.88805
291,q4,2.0964
292,q4,1.3032
293,q4,0.28825
294,q4,0.3358
295,q4,1.11605
296,q4,0.374
297,q4,0.5539333333333333
298,q4,0.6133333333333334
299,q4,1.8922222222222222
300,q4,1.59075
301,q4,0.6555714285714286
302,q4,0.5053684210526315
303,q4,0.3885714285714285
304,q4,0.6107999999999999
305,q4,0.32615
306,q4,1.0143499999999999
307,q4,0.4952
308,q4,1.6189500000000003
309,q4,0.7464999999999999
310,q4,0.5349444444444446
311,q4,0.8286
312,q4,1.1413
313,q4,0.1639
314,q4,1.737
315,q4,0.98005
316,q4,0.48550000000000004
317,q4,1.16635
318,q4,0.6251
319,q4,1.39055
320,q4,0.20364285714285718
321,q4,0.8281000000000001
322,q4,0.7040769230769229
323,q4,0.8143333333333334
324,q4,0.8533
325,q4,0.7079285714285714
326,q4,0.9673499999999999
327,q4,0.7055454545454545
328,q4,0.5244736842105263
329,q4,1.5346000000000002
330,q4,1.8500500000000002
331,q4,2.86875
332,q4,0.43933333333333324
333,q4,0.37909999999999994
334,q4,0.6476499999999998
335,q4,0.42965
336,q4,0.5735714285714285
337,q4,0.612
338,q4,0.8699
339,q4,0.5772666666666666
340,q4,0.1973333333333333
341,q4,0.4958
342,q4,0.2926
343,q4,0.7151111111111111
344,q4,1.8466999999999998
345,q4,0.58145
346,q4,0.29886666666666667
347,q4,1.14825
348,q4,0.45165000000000005
349,q4,0.8954499999999997
350,q4,0.7332500000000001
351,q4,0.30605000000000004
352,q4,21.419833333333333
353,q4,0.53105
354,q4,0.091
355,q4,0.091
356,q4,0.2864285714285714
357,q4,0.4302
358,q4,1.0162499999999999
359,q4,0.5395000000000001
360,q4,1.1857499999999999
361,q4,1.0856999999999997
362,q4,0.34934999999999994
363,q4,0.1688
364,q4,0.7485
365,q4,0.5368499999999999
366,q4,0.9481000000000002
367,q4,0.5129999999999999
368,q4,0.922888888888889
369,q4,0.6810999999999999
370,q4,0.44925000000000004
371,q4,1.3986999999999998
372,q4,0.6231052631578948
373,q4,0.9061428571428571
374,q4,0.60305
375,q4,0.3286428571428572
376,q4,1.1137499999999998
377,q4,1.5435
378,q4,0.6332500000000001
379,q4,0.2886
380,q4,0.7709
381,q4,0.5108
382,q4,0.7923500000000001
383,q4,1.8223333333333334
384,q4,1.1702142857142859
385,q4,1.385
386,q4,0.7752
387,q4,0.39719999999999994
388,q4,0.9039000000000001
389,q4,0.59625
390,q4,0.6292000000000002
391,q4,0.9369999999999999
392,q4,0.44849999999999995
393,q4,4.477785714285715
394,q4,0.3727142857142858
395,q4,1.6082142857142858
396,q4,0.3525500000000001
397,q4,0.41590000000000005
398,q4,0.6817
399,q4,0.8011000000000001
400,q4,0.3918
401,q4,1.13265
402,q4,0.08206666666666668
403,q4,1.4909375000000002
404,q4,0.36385
405,q4,0.42765000000000003
406,q4,1.3523
407,q4,0.00019999999999999649
408,q4,0.24139999999999998
409,q4,0.25665000000000004
410,q4,0.4732
411,q4,1.3392
412,q4,1.2563499999999999
413,q4,0.92505
414,q4,0.7032499999999999
415,q4,0.5206842105263159
416,q4,1.3608
417,q4,0.5319285714285714
418,q4,0.31815000000000004
419,q4,1.1563333333333334
420,q4,0.8366
421,q4,1.0267999999999997
422,q4,0.9511999999999998
423,q4,1.0578500000000002
424,q4,0.7259411764705882
425,q4,0.5649500000000001
426,q4,1.2744499999999999
427,q4,0.7636666666666667
428,q4,0.8234
429,q4,1.01075
430,q4,0.27605
431,q4,0.522
432,q4,0.5955999999999999
433,q4,0.6362499999999999
434,q4,2.041642857142857
435,q4,0.9347500000000001
436,q4,1.44405
437,q4,1.1547000000000003
438,q4,1.1019999999999999
439,q4,0.26875
440,q4,1.27515
441,q4,0.3450769230769231
442,q4,0.44311111111111107
443,q4,0.33462500000000006
444,q4,0.7946499999999999
445,q4,2.0624
446,q4,0.461
447,q4,0.7402
448,q4,0.3716
449,q4,0.17933333333333334
450,q4,0.5688000000000001
451,q4,0.6827500000000001
452,q4,0.12
453,q4,0.11335714285714285
454,q4,0.5219285714285714
455,q4,-0.006000000000000004
456,q4,0.9661
457,q4,1.2630833333333331
458,q4,1.2417
459,q4,0.7622499999999999
460,q4,0.9047500000000002
461,q4,1.1956
462,q4,1.3563
463,q4,0.66615
464,q4,1.2117
465,q4,0.5991666666666666
466,q4,0.8029999999999999
467,q4,0.53405
468,q4,1.0819333333333332
469,q4,0.8326499999999999
470,q4,0.6338999999999999
471,q4,0.6087499999999999
472,q4,0.7255
473,q4,0.4981000000000001
474,q4,-0.07824999999999996
475,q4,0.40569230769230774
476,q4,0.7604499999999998
477,q4,0.53375
478,q4,1.3678000000000001
479,q4,0.61985
480,q4,1.1608666666666667
481,q4,1.254333333333333
482,q4,0.4801500000000001
483,q4,0.4206428571428571
484,q4,0.7299499999999999
485,q4,2.7458
486,q4,1.8822222222222225
487,q4,0.6553333333333333
488,q4,0.28769999999999996
489,q4,1.0553
490,q4,1.0156
491,q4,0.39269230769230773
492,q4,0.22924999999999995
493,q4,1.0543333333333333
494,q4,1.2341176470588235
495,q4,0.37445
496,q4,0.4002
497,q4,1.3132500000000003
498,q4,0.5023500000000001
499,q4,1.2771428571428571
500,q4,0.708625
501,q4,0.6380999999999999
502,q4,1.3851111111111107
503,q4,0.7462
504,q4,0.5752857142857142
